<Interlink id="link-cultural-events">
        <SourceDataset dataSource="cultural_ontology" var="a" typeUri="http://www.w3.org/2002/07/owl#Class">
        <RestrictTo>
          ?a &lt;http://www.w3.org/1999/02/22-rdf-syntax-ns#type&gt; &lt;http://data.krw.d2s.labs.vu.nl/group10/cultural_ontology/Event&gt; .
        </RestrictTo>
      </SourceDataset>
        <TargetDataset dataSource="find-a-slot" var="b" typeUri="http://data.krw.d2s.labs.vu.nl/group6/findaslot/vocab/Event">
        <RestrictTo>
          
        </RestrictTo>
      </TargetDataset>
        <LinkageRule linkType="&lt;http://www.w3.org/2002/07/owl#sameAs&gt;">
        <Compare id="equality1" required="true" weight="1" metric="equality" threshold="0.0" indexing="true">
            <Input id="sourcePath1" path="/&lt;http://www.w3.org/1999/02/22-rdf-syntax-ns#type&gt;"/><Input id="targetPath1" path="/&lt;http://www.w3.org/1999/02/22-rdf-syntax-ns#type&gt;"/>
          </Compare>
        <Filter/>
      </LinkageRule>
        <Outputs>
          <Output id="output"></Output>
        </Outputs>
      </Interlink>