<Pair>
  <Source>
    <EntityDescription>
      <Type>http://www.w3.org/2002/07/owl#Class</Type>
      <Restriction>?a &lt;http://www.w3.org/1999/02/22-rdf-syntax-ns#type&gt; &lt;http://data.krw.d2s.labs.vu.nl/doc/group10/cultural_ontology/&gt;:Event .</Restriction>
      <Paths>
        <Path>/&lt;http://www.w3.org/2000/01/rdf-schema#subClassOf&gt;</Path>
        <Path>\&lt;http://www.w3.org/2000/01/rdf-schema#domain&gt;</Path>
        <Path>\&lt;http://www.w3.org/2000/01/rdf-schema#range&gt;</Path>
        <Path>/&lt;http://www.w3.org/1999/02/22-rdf-syntax-ns#type&gt;</Path>
        <Path>\&lt;http://www.w3.org/2002/07/owl#onClass&gt;</Path>
        <Path>\&lt;http://www.w3.org/2000/01/rdf-schema#subClassOf&gt;</Path>
        <Path>\&lt;http://www.w3.org/2002/07/owl#someValuesFrom&gt;</Path>
        <Path>\&lt;http://www.w3.org/2002/07/owl#disjointWith&gt;</Path>
        <Path>/&lt;http://www.w3.org/2002/07/owl#disjointWith&gt;</Path>
        <Path>/&lt;http://www.w3.org/2002/07/owl#intersectionOf&gt;</Path>
      </Paths>
    </EntityDescription>
  </Source>
  <Target>
    <EntityDescription>
      <Type>http://data.krw.d2s.labs.vu.nl/group6/findaslot/vocab/Event</Type>
      <Restriction></Restriction>
      <Paths>
        <Path>/&lt;http://data.krw.d2s.labs.vu.nl/group6/findaslot/vocab/calendar_summary&gt;</Path>
        <Path>\&lt;http://data.krw.d2s.labs.vu.nl/group6/findaslot/vocab/exhibitionVenue&gt;</Path>
        <Path>/&lt;http://data.krw.d2s.labs.vu.nl/group6/findaslot/vocab/single_date&gt;</Path>
        <Path>/&lt;http://data.krw.d2s.labs.vu.nl/group6/findaslot/vocab/short_description&gt;</Path>
        <Path>/&lt;http://data.krw.d2s.labs.vu.nl/group6/findaslot/vocab/long_description&gt;</Path>
        <Path>/&lt;http://data.krw.d2s.labs.vu.nl/group6/findaslot/vocab/url&gt;</Path>
        <Path>/&lt;http://data.krw.d2s.labs.vu.nl/group6/findaslot/vocab/main_media&gt;</Path>
        <Path>/&lt;http://data.krw.d2s.labs.vu.nl/group6/findaslot/vocab/media&gt;</Path>
        <Path>/&lt;http://www.w3.org/1999/02/22-rdf-syntax-ns#type&gt;</Path>
        <Path>/&lt;http://www.w3.org/2000/01/rdf-schema#label&gt;</Path>
        <Path>/&lt;http://data.krw.d2s.labs.vu.nl/group6/findaslot/vocab/playVenue&gt;</Path>
        <Path>\&lt;http://data.krw.d2s.labs.vu.nl/group6/findaslot/vocab/playVenue&gt;</Path>
        <Path>/&lt;http://data.krw.d2s.labs.vu.nl/group6/findaslot/vocab/start_date&gt;</Path>
        <Path>/&lt;http://data.krw.d2s.labs.vu.nl/group6/findaslot/vocab/exhibitionVenue&gt;</Path>
        <Path>/&lt;http://data.krw.d2s.labs.vu.nl/group6/findaslot/vocab/end_date&gt;</Path>
      </Paths>
    </EntityDescription>
  </Target>
</Pair>
