<rdf:RDF xmlns:align="http://knowledgeweb.semanticweb.org/heterogeneity/alignment#" xmlns:xsd="http://www.w3.org/2001/XMLSchema#" xmlns:rdf="http://www.w3.org/1999/02/22-rdf-syntax-ns#" xmlns="http://knowledgeweb.semanticweb.org/heterogeneity/alignment#">
  <Alignment>
    <map>
      <Cell>
        <entity1 rdf:resource="http://schema.org/City"/>
        <entity2 rdf:resource="http://dbpedia.org/ontology/city"/>
        <relation>=</relation>
        <measure rdf:datatype="http://www.w3.org/2001/XMLSchema#float">0.0</measure>
      </Cell>
    </map>
    <map>
      <Cell>
        <entity1 rdf:resource="http://schema.org/Museum"/>
        <entity2 rdf:resource="http://data.krw.d2s.labs.vu.nl/group6/findaslot/vocab/Museum"/>
        <relation>=</relation>
        <measure rdf:datatype="http://www.w3.org/2001/XMLSchema#float">0.0</measure>
      </Cell>
    </map>
    <map>
      <Cell>
        <entity1 rdf:resource="http://schema.org/Event"/>
        <entity2 rdf:resource="http://data.krw.d2s.labs.vu.nl/group6/findaslot/vocab/Event"/>
        <relation>=</relation>
        <measure rdf:datatype="http://www.w3.org/2001/XMLSchema#float">0.0</measure>
      </Cell>
    </map>
    <map>
      <Cell>
        <entity1 rdf:resource="http://data.krw.d2s.labs.vu.nl/group1/vocab#hasAddress"/>
        <entity2 rdf:resource="http://dbpedia.org/ontology/address"/>
        <relation>=</relation>
        <measure rdf:datatype="http://www.w3.org/2001/XMLSchema#float">0.0</measure>
      </Cell>
    </map>
    <map>
      <Cell>
        <entity1 rdf:resource="http://data.krw.d2s.labs.vu.nl/group13/vocab/City"/>
        <entity2 rdf:resource="http://dbpedia.org/ontology/city"/>
        <relation>=</relation>
        <measure rdf:datatype="http://www.w3.org/2001/XMLSchema#float">0.0</measure>
      </Cell>
    </map>
    <map>
      <Cell>
        <entity1 rdf:resource="http://data.krw.d2s.labs.vu.nl/group1/vocab#url"/>
        <entity2 rdf:resource="http://data.krw.d2s.labs.vu.nl/group6/findaslot/vocab/url"/>
        <relation>=</relation>
        <measure rdf:datatype="http://www.w3.org/2001/XMLSchema#float">0.0</measure>
      </Cell>
    </map>
    <map>
      <Cell>
        <entity1 rdf:resource="http://data.krw.d2s.labs.vu.nl/group15/resource/loc_4814461_52229058"/>
        <entity2 rdf:resource="http://data.krw.d2s.labs.vu.nl/group6/findaslot/resource/Atelier_Gerard_van_Hulzen"/>
        <relation>=</relation>
        <measure rdf:datatype="http://www.w3.org/2001/XMLSchema#float">0.0</measure>
      </Cell>
    </map>
    <map>
      <Cell>
        <entity1 rdf:resource="http://data.krw.d2s.labs.vu.nl/group13/vocab/Event"/>
        <entity2 rdf:resource="http://data.krw.d2s.labs.vu.nl/group6/findaslot/vocab/Event"/>
        <relation>=</relation>
        <measure rdf:datatype="http://www.w3.org/2001/XMLSchema#float">0.0</measure>
      </Cell>
    </map>
    <map>
      <Cell>
        <entity1 rdf:resource="http://data.krw.d2s.labs.vu.nl/group1/vocab#locatedIn"/>
        <entity2 rdf:resource="http://dbpedia.org/ontology/city"/>
        <relation>=</relation>
        <measure rdf:datatype="http://www.w3.org/2001/XMLSchema#float">0.0</measure>
      </Cell>
    </map>
    <map>
      <Cell>
        <entity1 rdf:resource="http://data.krw.d2s.labs.vu.nl/group15/vocab/city"/>
        <entity2 rdf:resource="http://dbpedia.org/ontology/city"/>
        <relation>=</relation>
        <measure rdf:datatype="http://www.w3.org/2001/XMLSchema#float">0.0</measure>
      </Cell>
    </map>
    <map>
      <Cell>
        <entity1 rdf:resource="http://data.krw.d2s.labs.vu.nl/group15/vocab/media"/>
        <entity2 rdf:resource="http://data.krw.d2s.labs.vu.nl/group6/findaslot/vocab/media"/>
        <relation>=</relation>
        <measure rdf:datatype="http://www.w3.org/2001/XMLSchema#float">0.0</measure>
      </Cell>
    </map>
    <map>
      <Cell>
        <entity1 rdf:resource="http://schema.org/EventVenue"/>
        <entity2 rdf:resource="http://data.krw.d2s.labs.vu.nl/group6/findaslot/vocab/hasVenue"/>
        <relation>=</relation>
        <measure rdf:datatype="http://www.w3.org/2001/XMLSchema#float">0.0</measure>
      </Cell>
    </map>
    <map>
      <Cell>
        <entity1 rdf:resource="http://data.krw.d2s.labs.vu.nl/group13/vocab/Location"/>
        <entity2 rdf:resource="http://data.krw.d2s.labs.vu.nl/group6/findaslot/vocab/Location"/>
        <relation>=</relation>
        <measure rdf:datatype="http://www.w3.org/2001/XMLSchema#float">0.0</measure>
      </Cell>
    </map>
    <map>
      <Cell>
        <entity1 rdf:resource="http://data.krw.d2s.labs.vu.nl/group15/vocab/url"/>
        <entity2 rdf:resource="http://data.krw.d2s.labs.vu.nl/group6/findaslot/vocab/url"/>
        <relation>=</relation>
        <measure rdf:datatype="http://www.w3.org/2001/XMLSchema#float">0.0</measure>
      </Cell>
    </map>
    <map>
      <Cell>
        <entity1 rdf:resource="http://schema.org/longitude"/>
        <entity2 rdf:resource="http://www.w3.org/2003/01/geo/wgs84_pos#long"/>
        <relation>=</relation>
        <measure rdf:datatype="http://www.w3.org/2001/XMLSchema#float">0.0</measure>
      </Cell>
    </map>
    <map>
      <Cell>
        <entity1 rdf:resource="http://schema.org/latitude"/>
        <entity2 rdf:resource="http://www.w3.org/2003/01/geo/wgs84_pos#lat"/>
        <relation>=</relation>
        <measure rdf:datatype="http://www.w3.org/2001/XMLSchema#float">0.0</measure>
      </Cell>
    </map>
    <map>
      <Cell>
        <entity1 rdf:resource="http://data.krw.d2s.labs.vu.nl/group15/resource/loc_43141620_520834100"/>
        <entity2 rdf:resource="http://data.krw.d2s.labs.vu.nl/group6/findaslot/resource/Escher_in_het_Paleis"/>
        <relation>=</relation>
        <measure rdf:datatype="http://www.w3.org/2001/XMLSchema#float">0.0</measure>
      </Cell>
    </map>
    <map>
      <Cell>
        <entity1 rdf:resource="http://schema.org/address"/>
        <entity2 rdf:resource="http://dbpedia.org/ontology/address"/>
        <relation>=</relation>
        <measure rdf:datatype="http://www.w3.org/2001/XMLSchema#float">0.0</measure>
      </Cell>
    </map>
    <map>
      <Cell>
        <entity1 rdf:resource="http://data.krw.d2s.labs.vu.nl/group15/vocab/location"/>
        <entity2 rdf:resource="http://data.krw.d2s.labs.vu.nl/group6/findaslot/vocab/Location"/>
        <relation>=</relation>
        <measure rdf:datatype="http://www.w3.org/2001/XMLSchema#float">0.0</measure>
      </Cell>
    </map>
    <map>
      <Cell>
        <entity1 rdf:resource="http://data.krw.d2s.labs.vu.nl/group15/vocab/latitude"/>
        <entity2 rdf:resource="http://www.w3.org/2003/01/geo/wgs84_pos#lat"/>
        <relation>=</relation>
        <measure rdf:datatype="http://www.w3.org/2001/XMLSchema#float">0.0</measure>
      </Cell>
    </map>
    <map>
      <Cell>
        <entity1 rdf:resource="http://data.krw.d2s.labs.vu.nl/group15/vocab/address"/>
        <entity2 rdf:resource="http://dbpedia.org/ontology/address"/>
        <relation>=</relation>
        <measure rdf:datatype="http://www.w3.org/2001/XMLSchema#float">0.0</measure>
      </Cell>
    </map>
    <map>
      <Cell>
        <entity1 rdf:resource="http://data.krw.d2s.labs.vu.nl/group15/resource/loc_48915990_523841540"/>
        <entity2 rdf:resource="http://data.krw.d2s.labs.vu.nl/group6/findaslot/resource/Ateliers_Westerdok"/>
        <relation>=</relation>
        <measure rdf:datatype="http://www.w3.org/2001/XMLSchema#float">0.0</measure>
      </Cell>
    </map>
    <map>
      <Cell>
        <entity1 rdf:resource="http://data.krw.d2s.labs.vu.nl/group13/vocab/hasLatitude"/>
        <entity2 rdf:resource="http://www.w3.org/2003/01/geo/wgs84_pos#lat"/>
        <relation>=</relation>
        <measure rdf:datatype="http://www.w3.org/2001/XMLSchema#float">0.0</measure>
      </Cell>
    </map>
    <map>
      <Cell>
        <entity1 rdf:resource="http://data.krw.d2s.labs.vu.nl/group15/vocab/Location"/>
        <entity2 rdf:resource="http://data.krw.d2s.labs.vu.nl/group6/findaslot/vocab/Location"/>
        <relation>=</relation>
        <measure rdf:datatype="http://www.w3.org/2001/XMLSchema#float">0.0</measure>
      </Cell>
    </map>
    <map>
      <Cell>
        <entity1 rdf:resource="http://data.krw.d2s.labs.vu.nl/group13/vocab/hasLongitude"/>
        <entity2 rdf:resource="http://www.w3.org/2003/01/geo/wgs84_pos#long"/>
        <relation>=</relation>
        <measure rdf:datatype="http://www.w3.org/2001/XMLSchema#float">0.0</measure>
      </Cell>
    </map>
    <map>
      <Cell>
        <entity1 rdf:resource="http://purl.org/NET/c4dm/event.owl#Event"/>
        <entity2 rdf:resource="http://data.krw.d2s.labs.vu.nl/group6/findaslot/vocab/Event"/>
        <relation>=</relation>
        <measure rdf:datatype="http://www.w3.org/2001/XMLSchema#float">0.0</measure>
      </Cell>
    </map>
    <map>
      <Cell>
        <entity1 rdf:resource="http://schema.org/location"/>
        <entity2 rdf:resource="http://data.krw.d2s.labs.vu.nl/group6/findaslot/vocab/Location"/>
        <relation>=</relation>
        <measure rdf:datatype="http://www.w3.org/2001/XMLSchema#float">0.0</measure>
      </Cell>
    </map>
    <map>
      <Cell>
        <entity1 rdf:resource="http://data.krw.d2s.labs.vu.nl/group15/vocab/longitude"/>
        <entity2 rdf:resource="http://www.w3.org/2003/01/geo/wgs84_pos#long"/>
        <relation>=</relation>
        <measure rdf:datatype="http://www.w3.org/2001/XMLSchema#float">0.0</measure>
      </Cell>
    </map>
  </Alignment>
</rdf:RDF>
