<rdf:RDF xmlns:align="http://knowledgeweb.semanticweb.org/heterogeneity/alignment#" xmlns:xsd="http://www.w3.org/2001/XMLSchema#" xmlns:rdf="http://www.w3.org/1999/02/22-rdf-syntax-ns#" xmlns="http://knowledgeweb.semanticweb.org/heterogeneity/alignment#">
  <Alignment>
    <map>
      <Cell>
        <entity1 rdf:resource="http://data.krw.d2s.labs.vu.nl/group15/resource/loc_49063310_523733530"/>
        <entity2 rdf:resource="http://data.krw.d2s.labs.vu.nl/group6/findaslot/resource/De_Appel_arts_centre"/>
        <relation>=</relation>
        <measure rdf:datatype="http://www.w3.org/2001/XMLSchema#float">0.0</measure>
      </Cell>
    </map>
    <map>
      <Cell>
        <entity1 rdf:resource="http://data.krw.d2s.labs.vu.nl/group15/resource/loc_4882359_52369982"/>
        <entity2 rdf:resource="http://data.krw.d2s.labs.vu.nl/group6/findaslot/resource/Houseboat_Museum"/>
        <relation>=</relation>
        <measure rdf:datatype="http://www.w3.org/2001/XMLSchema#float">0.0</measure>
      </Cell>
    </map>
    <map>
      <Cell>
        <entity1 rdf:resource="http://data.krw.d2s.labs.vu.nl/group15/resource/loc_4896005_52373871"/>
        <entity2 rdf:resource="http://data.krw.d2s.labs.vu.nl/group6/findaslot/resource/W139"/>
        <relation>=</relation>
        <measure rdf:datatype="http://www.w3.org/2001/XMLSchema#float">0.0</measure>
      </Cell>
    </map>
    <map>
      <Cell>
        <entity1 rdf:resource="http://data.krw.d2s.labs.vu.nl/group15/resource/loc_4896620_52375899"/>
        <entity2 rdf:resource="http://data.krw.d2s.labs.vu.nl/group6/findaslot/resource/Museum_of_Medieval_Torture_Instruments"/>
        <relation>=</relation>
        <measure rdf:datatype="http://www.w3.org/2001/XMLSchema#float">0.0</measure>
      </Cell>
    </map>
    <map>
      <Cell>
        <entity1 rdf:resource="http://data.krw.d2s.labs.vu.nl/group15/resource/loc_42800100_520892570"/>
        <entity2 rdf:resource="http://data.krw.d2s.labs.vu.nl/group6/findaslot/resource/Gemeentemuseum_Den_Haag"/>
        <relation>=</relation>
        <measure rdf:datatype="http://www.w3.org/2001/XMLSchema#float">0.0</measure>
      </Cell>
    </map>
    <map>
      <Cell>
        <entity1 rdf:resource="http://data.krw.d2s.labs.vu.nl/group15/resource/loc_49025420_523653120"/>
        <entity2 rdf:resource="http://data.krw.d2s.labs.vu.nl/group6/findaslot/resource/Outsider_Art_Museum"/>
        <relation>=</relation>
        <measure rdf:datatype="http://www.w3.org/2001/XMLSchema#float">0.0</measure>
      </Cell>
    </map>
    <map>
      <Cell>
        <entity1 rdf:resource="http://data.krw.d2s.labs.vu.nl/group15/resource/loc_4894106_52372638"/>
        <entity2 rdf:resource="http://data.krw.d2s.labs.vu.nl/group6/findaslot/resource/Amsterdam/Diverse_locaties_/_various_locations"/>
        <relation>=</relation>
        <measure rdf:datatype="http://www.w3.org/2001/XMLSchema#float">0.0</measure>
      </Cell>
    </map>
    <map>
      <Cell>
        <entity1 rdf:resource="http://data.krw.d2s.labs.vu.nl/group15/resource/loc_48798010_523564290"/>
        <entity2 rdf:resource="http://data.krw.d2s.labs.vu.nl/group6/findaslot/resource/Van_Gogh_Museum"/>
        <relation>=</relation>
        <measure rdf:datatype="http://www.w3.org/2001/XMLSchema#float">0.0</measure>
      </Cell>
    </map>
    <map>
      <Cell>
        <entity1 rdf:resource="http://data.krw.d2s.labs.vu.nl/group15/resource/loc_45898300_523120090"/>
        <entity2 rdf:resource="http://data.krw.d2s.labs.vu.nl/group6/findaslot/resource/Ford_Museum_den_Hartogh"/>
        <relation>=</relation>
        <measure rdf:datatype="http://www.w3.org/2001/XMLSchema#float">0.0</measure>
      </Cell>
    </map>
    <map>
      <Cell>
        <entity1 rdf:resource="http://data.krw.d2s.labs.vu.nl/group15/resource/loc_49384560_523462380"/>
        <entity2 rdf:resource="http://data.krw.d2s.labs.vu.nl/group6/findaslot/resource/Nederlands_Uitvaart_Museum_Tot_Zover"/>
        <relation>=</relation>
        <measure rdf:datatype="http://www.w3.org/2001/XMLSchema#float">0.0</measure>
      </Cell>
    </map>
    <map>
      <Cell>
        <entity1 rdf:resource="http://data.krw.d2s.labs.vu.nl/group15/resource/loc_49260150_523881890"/>
        <entity2 rdf:resource="http://data.krw.d2s.labs.vu.nl/group6/findaslot/resource/Museum_Amsterdam_Noord"/>
        <relation>=</relation>
        <measure rdf:datatype="http://www.w3.org/2001/XMLSchema#float">0.0</measure>
      </Cell>
    </map>
    <map>
      <Cell>
        <entity1 rdf:resource="http://schema.org/City"/>
        <entity2 rdf:resource="http://dbpedia.org/ontology/city"/>
        <relation>=</relation>
        <measure rdf:datatype="http://www.w3.org/2001/XMLSchema#float">0.0</measure>
      </Cell>
    </map>
    <map>
      <Cell>
        <entity1 rdf:resource="http://schema.org/Museum"/>
        <entity2 rdf:resource="http://data.krw.d2s.labs.vu.nl/group6/findaslot/vocab/Museum"/>
        <relation>=</relation>
        <measure rdf:datatype="http://www.w3.org/2001/XMLSchema#float">0.0</measure>
      </Cell>
    </map>
    <map>
      <Cell>
        <entity1 rdf:resource="http://data.krw.d2s.labs.vu.nl/group15/resource/loc_52969760_527030600"/>
        <entity2 rdf:resource="http://data.krw.d2s.labs.vu.nl/group6/findaslot/resource/Het_Zuiderzeemuseum"/>
        <relation>=</relation>
        <measure rdf:datatype="http://www.w3.org/2001/XMLSchema#float">0.0</measure>
      </Cell>
    </map>
    <map>
      <Cell>
        <entity1 rdf:resource="http://data.krw.d2s.labs.vu.nl/group15/resource/loc_48863550_523685340"/>
        <entity2 rdf:resource="http://data.krw.d2s.labs.vu.nl/group6/findaslot/resource/Bijbels_Museum"/>
        <relation>=</relation>
        <measure rdf:datatype="http://www.w3.org/2001/XMLSchema#float">0.0</measure>
      </Cell>
    </map>
    <map>
      <Cell>
        <entity1 rdf:resource="http://data.krw.d2s.labs.vu.nl/group15/resource/loc_48959600_523752180"/>
        <entity2 rdf:resource="http://data.krw.d2s.labs.vu.nl/group6/findaslot/resource/Beurs_van_Berlage"/>
        <relation>=</relation>
        <measure rdf:datatype="http://www.w3.org/2001/XMLSchema#float">0.0</measure>
      </Cell>
    </map>
    <map>
      <Cell>
        <entity1 rdf:resource="http://data.krw.d2s.labs.vu.nl/group15/resource/loc_49129310_523677550"/>
        <entity2 rdf:resource="http://data.krw.d2s.labs.vu.nl/group6/findaslot/resource/Verzetsmuseum_Amsterdam"/>
        <relation>=</relation>
        <measure rdf:datatype="http://www.w3.org/2001/XMLSchema#float">0.0</measure>
      </Cell>
    </map>
    <map>
      <Cell>
        <entity1 rdf:resource="http://schema.org/Event"/>
        <entity2 rdf:resource="http://data.krw.d2s.labs.vu.nl/group6/findaslot/vocab/Event"/>
        <relation>=</relation>
        <measure rdf:datatype="http://www.w3.org/2001/XMLSchema#float">0.0</measure>
      </Cell>
    </map>
    <map>
      <Cell>
        <entity1 rdf:resource="http://data.krw.d2s.labs.vu.nl/group15/resource/loc_48900800_523731270"/>
        <entity2 rdf:resource="http://data.krw.d2s.labs.vu.nl/group6/findaslot/resource/De_Nieuwe_Kerk_Amsterdam"/>
        <relation>=</relation>
        <measure rdf:datatype="http://www.w3.org/2001/XMLSchema#float">0.0</measure>
      </Cell>
    </map>
    <map>
      <Cell>
        <entity1 rdf:resource="http://data.krw.d2s.labs.vu.nl/group15/resource/loc_49025420_523653120"/>
        <entity2 rdf:resource="http://data.krw.d2s.labs.vu.nl/group6/findaslot/resource/Hermitage_Amsterdam"/>
        <relation>=</relation>
        <measure rdf:datatype="http://www.w3.org/2001/XMLSchema#float">0.0</measure>
      </Cell>
    </map>
    <map>
      <Cell>
        <entity1 rdf:resource="http://data.krw.d2s.labs.vu.nl/group1/vocab#hasAddress"/>
        <entity2 rdf:resource="http://dbpedia.org/ontology/address"/>
        <relation>=</relation>
        <measure rdf:datatype="http://www.w3.org/2001/XMLSchema#float">0.0</measure>
      </Cell>
    </map>
    <map>
      <Cell>
        <entity1 rdf:resource="http://data.krw.d2s.labs.vu.nl/group15/resource/loc_55272630_524564380"/>
        <entity2 rdf:resource="http://data.krw.d2s.labs.vu.nl/group6/findaslot/resource/Aviodrome"/>
        <relation>=</relation>
        <measure rdf:datatype="http://www.w3.org/2001/XMLSchema#float">0.0</measure>
      </Cell>
    </map>
    <map>
      <Cell>
        <entity1 rdf:resource="http://data.krw.d2s.labs.vu.nl/group15/resource/loc_4891755_52368862"/>
        <entity2 rdf:resource="http://data.krw.d2s.labs.vu.nl/group6/findaslot/resource/Maatschappij_Arti_et_Amicitiae"/>
        <relation>=</relation>
        <measure rdf:datatype="http://www.w3.org/2001/XMLSchema#float">0.0</measure>
      </Cell>
    </map>
    <map>
      <Cell>
        <entity1 rdf:resource="http://data.krw.d2s.labs.vu.nl/group15/resource/loc_4807787_52467994"/>
        <entity2 rdf:resource="http://data.krw.d2s.labs.vu.nl/group6/findaslot/resource/Molenmuseum"/>
        <relation>=</relation>
        <measure rdf:datatype="http://www.w3.org/2001/XMLSchema#float">0.0</measure>
      </Cell>
    </map>
    <map>
      <Cell>
        <entity1 rdf:resource="http://data.krw.d2s.labs.vu.nl/group15/resource/loc_4903094_52383063"/>
        <entity2 rdf:resource="http://data.krw.d2s.labs.vu.nl/group6/findaslot/resource/Framer_Framed"/>
        <relation>=</relation>
        <measure rdf:datatype="http://www.w3.org/2001/XMLSchema#float">0.0</measure>
      </Cell>
    </map>
    <map>
      <Cell>
        <entity1 rdf:resource="http://data.krw.d2s.labs.vu.nl/group15/resource/loc_4946605_52509798"/>
        <entity2 rdf:resource="http://data.krw.d2s.labs.vu.nl/group6/findaslot/resource/Museum_Waterland"/>
        <relation>=</relation>
        <measure rdf:datatype="http://www.w3.org/2001/XMLSchema#float">0.0</measure>
      </Cell>
    </map>
    <map>
      <Cell>
        <entity1 rdf:resource="http://data.krw.d2s.labs.vu.nl/group15/resource/loc_48714400_523859370"/>
        <entity2 rdf:resource="http://data.krw.d2s.labs.vu.nl/group6/findaslot/resource/Westergasfabriek"/>
        <relation>=</relation>
        <measure rdf:datatype="http://www.w3.org/2001/XMLSchema#float">0.0</measure>
      </Cell>
    </map>
    <map>
      <Cell>
        <entity1 rdf:resource="http://data.krw.d2s.labs.vu.nl/group13/vocab/City"/>
        <entity2 rdf:resource="http://dbpedia.org/ontology/city"/>
        <relation>=</relation>
        <measure rdf:datatype="http://www.w3.org/2001/XMLSchema#float">0.0</measure>
      </Cell>
    </map>
    <map>
      <Cell>
        <entity1 rdf:resource="http://data.krw.d2s.labs.vu.nl/group15/resource/loc_48588840_523031270"/>
        <entity2 rdf:resource="http://data.krw.d2s.labs.vu.nl/group6/findaslot/resource/Schouwburg_Amstelveen"/>
        <relation>=</relation>
        <measure rdf:datatype="http://www.w3.org/2001/XMLSchema#float">0.0</measure>
      </Cell>
    </map>
    <map>
      <Cell>
        <entity1 rdf:resource="http://data.krw.d2s.labs.vu.nl/group15/resource/loc_5065541_52490694"/>
        <entity2 rdf:resource="http://data.krw.d2s.labs.vu.nl/group6/findaslot/resource/Palingrokerij_Smit_Bokkum"/>
        <relation>=</relation>
        <measure rdf:datatype="http://www.w3.org/2001/XMLSchema#float">0.0</measure>
      </Cell>
    </map>
    <map>
      <Cell>
        <entity1 rdf:resource="http://data.krw.d2s.labs.vu.nl/group15/resource/loc_48798010_523564290"/>
        <entity2 rdf:resource="http://data.krw.d2s.labs.vu.nl/group6/findaslot/resource/Stedelijk_Museum"/>
        <relation>=</relation>
        <measure rdf:datatype="http://www.w3.org/2001/XMLSchema#float">0.0</measure>
      </Cell>
    </map>
    <map>
      <Cell>
        <entity1 rdf:resource="http://data.krw.d2s.labs.vu.nl/group15/resource/loc_48133520_524734590"/>
        <entity2 rdf:resource="http://data.krw.d2s.labs.vu.nl/group6/findaslot/resource/Honig_Breethuis"/>
        <relation>=</relation>
        <measure rdf:datatype="http://www.w3.org/2001/XMLSchema#float">0.0</measure>
      </Cell>
    </map>
    <map>
      <Cell>
        <entity1 rdf:resource="http://data.krw.d2s.labs.vu.nl/group15/resource/loc_49388260_523670730"/>
        <entity2 rdf:resource="http://data.krw.d2s.labs.vu.nl/group6/findaslot/resource/P//////AKT_Project_Space"/>
        <relation>=</relation>
        <measure rdf:datatype="http://www.w3.org/2001/XMLSchema#float">0.0</measure>
      </Cell>
    </map>
    <map>
      <Cell>
        <entity1 rdf:resource="http://data.krw.d2s.labs.vu.nl/group15/resource/loc_4821726_52473499"/>
        <entity2 rdf:resource="http://data.krw.d2s.labs.vu.nl/group6/findaslot/resource/Zaans_Museum_en_Verkade_Paviljoen"/>
        <relation>=</relation>
        <measure rdf:datatype="http://www.w3.org/2001/XMLSchema#float">0.0</measure>
      </Cell>
    </map>
    <map>
      <Cell>
        <entity1 rdf:resource="http://data.krw.d2s.labs.vu.nl/group15/resource/loc_48464160_523021410"/>
        <entity2 rdf:resource="http://data.krw.d2s.labs.vu.nl/group6/findaslot/resource/Museum_Jan_van_der_Togt"/>
        <relation>=</relation>
        <measure rdf:datatype="http://www.w3.org/2001/XMLSchema#float">0.0</measure>
      </Cell>
    </map>
    <map>
      <Cell>
        <entity1 rdf:resource="http://data.krw.d2s.labs.vu.nl/group15/resource/loc_49226540_523627770"/>
        <entity2 rdf:resource="http://data.krw.d2s.labs.vu.nl/group6/findaslot/resource/Tropenmuseum"/>
        <relation>=</relation>
        <measure rdf:datatype="http://www.w3.org/2001/XMLSchema#float">0.0</measure>
      </Cell>
    </map>
    <map>
      <Cell>
        <entity1 rdf:resource="http://data.krw.d2s.labs.vu.nl/group1/vocab#url"/>
        <entity2 rdf:resource="http://data.krw.d2s.labs.vu.nl/group6/findaslot/vocab/url"/>
        <relation>=</relation>
        <measure rdf:datatype="http://www.w3.org/2001/XMLSchema#float">0.0</measure>
      </Cell>
    </map>
    <map>
      <Cell>
        <entity1 rdf:resource="http://data.krw.d2s.labs.vu.nl/group15/resource/loc_4814461_52229058"/>
        <entity2 rdf:resource="http://data.krw.d2s.labs.vu.nl/group6/findaslot/resource/Atelier_Gerard_van_Hulzen"/>
        <relation>=</relation>
        <measure rdf:datatype="http://www.w3.org/2001/XMLSchema#float">0.0</measure>
      </Cell>
    </map>
    <map>
      <Cell>
        <entity1 rdf:resource="http://data.krw.d2s.labs.vu.nl/group15/resource/loc_49039150_523673490"/>
        <entity2 rdf:resource="http://data.krw.d2s.labs.vu.nl/group6/findaslot/resource/Joods_Historisch_Museum"/>
        <relation>=</relation>
        <measure rdf:datatype="http://www.w3.org/2001/XMLSchema#float">0.0</measure>
      </Cell>
    </map>
    <map>
      <Cell>
        <entity1 rdf:resource="http://data.krw.d2s.labs.vu.nl/group15/resource/loc_4888318_52362394"/>
        <entity2 rdf:resource="http://data.krw.d2s.labs.vu.nl/group6/findaslot/resource/Morren_Galleries"/>
        <relation>=</relation>
        <measure rdf:datatype="http://www.w3.org/2001/XMLSchema#float">0.0</measure>
      </Cell>
    </map>
    <map>
      <Cell>
        <entity1 rdf:resource="http://data.krw.d2s.labs.vu.nl/group13/vocab/Event"/>
        <entity2 rdf:resource="http://data.krw.d2s.labs.vu.nl/group6/findaslot/vocab/Event"/>
        <relation>=</relation>
        <measure rdf:datatype="http://www.w3.org/2001/XMLSchema#float">0.0</measure>
      </Cell>
    </map>
    <map>
      <Cell>
        <entity1 rdf:resource="http://data.krw.d2s.labs.vu.nl/group15/resource/loc_4817829_52473274"/>
        <entity2 rdf:resource="http://data.krw.d2s.labs.vu.nl/group6/findaslot/resource/Bakkerij_Museum_Gecroonde_Duyvekater"/>
        <relation>=</relation>
        <measure rdf:datatype="http://www.w3.org/2001/XMLSchema#float">0.0</measure>
      </Cell>
    </map>
    <map>
      <Cell>
        <entity1 rdf:resource="http://data.krw.d2s.labs.vu.nl/group15/resource/loc_4877291_52371246"/>
        <entity2 rdf:resource="http://data.krw.d2s.labs.vu.nl/group6/findaslot/resource/Annet_Gelink_Gallery"/>
        <relation>=</relation>
        <measure rdf:datatype="http://www.w3.org/2001/XMLSchema#float">0.0</measure>
      </Cell>
    </map>
    <map>
      <Cell>
        <entity1 rdf:resource="http://data.krw.d2s.labs.vu.nl/group15/resource/loc_4881248_52374686"/>
        <entity2 rdf:resource="http://data.krw.d2s.labs.vu.nl/group6/findaslot/resource/Eduard_Planting_Galerie"/>
        <relation>=</relation>
        <measure rdf:datatype="http://www.w3.org/2001/XMLSchema#float">0.0</measure>
      </Cell>
    </map>
    <map>
      <Cell>
        <entity1 rdf:resource="http://data.krw.d2s.labs.vu.nl/group15/resource/loc_4573459_52455646"/>
        <entity2 rdf:resource="http://data.krw.d2s.labs.vu.nl/group6/findaslot/resource/Bunkermuseum_IJmuiden"/>
        <relation>=</relation>
        <measure rdf:datatype="http://www.w3.org/2001/XMLSchema#float">0.0</measure>
      </Cell>
    </map>
    <map>
      <Cell>
        <entity1 rdf:resource="http://data.krw.d2s.labs.vu.nl/group15/resource/loc_49178030_523629460"/>
        <entity2 rdf:resource="http://data.krw.d2s.labs.vu.nl/group6/findaslot/resource/Rijksakademie_van_beeldende_kunsten"/>
        <relation>=</relation>
        <measure rdf:datatype="http://www.w3.org/2001/XMLSchema#float">0.0</measure>
      </Cell>
    </map>
    <map>
      <Cell>
        <entity1 rdf:resource="http://data.krw.d2s.labs.vu.nl/group1/vocab#locatedIn"/>
        <entity2 rdf:resource="http://dbpedia.org/ontology/city"/>
        <relation>=</relation>
        <measure rdf:datatype="http://www.w3.org/2001/XMLSchema#float">0.0</measure>
      </Cell>
    </map>
    <map>
      <Cell>
        <entity1 rdf:resource="http://data.krw.d2s.labs.vu.nl/group15/resource/loc_48912970_523704150"/>
        <entity2 rdf:resource="http://data.krw.d2s.labs.vu.nl/group6/findaslot/resource/Amsterdam_Museum"/>
        <relation>=</relation>
        <measure rdf:datatype="http://www.w3.org/2001/XMLSchema#float">0.0</measure>
      </Cell>
    </map>
    <map>
      <Cell>
        <entity1 rdf:resource="http://data.krw.d2s.labs.vu.nl/group15/resource/loc_48848240_523676380"/>
        <entity2 rdf:resource="http://data.krw.d2s.labs.vu.nl/group6/findaslot/resource/Huis_Marseille_-_Museum_voor_Fotografie"/>
        <relation>=</relation>
        <measure rdf:datatype="http://www.w3.org/2001/XMLSchema#float">0.0</measure>
      </Cell>
    </map>
    <map>
      <Cell>
        <entity1 rdf:resource="http://data.krw.d2s.labs.vu.nl/group15/resource/loc_48851850_523600070"/>
        <entity2 rdf:resource="http://data.krw.d2s.labs.vu.nl/group6/findaslot/resource/Rijksmuseum"/>
        <relation>=</relation>
        <measure rdf:datatype="http://www.w3.org/2001/XMLSchema#float">0.0</measure>
      </Cell>
    </map>
    <map>
      <Cell>
        <entity1 rdf:resource="http://data.krw.d2s.labs.vu.nl/group15/resource/loc_49011910_523693580"/>
        <entity2 rdf:resource="http://data.krw.d2s.labs.vu.nl/group6/findaslot/resource/Rembrandthuis"/>
        <relation>=</relation>
        <measure rdf:datatype="http://www.w3.org/2001/XMLSchema#float">0.0</measure>
      </Cell>
    </map>
    <map>
      <Cell>
        <entity1 rdf:resource="http://data.krw.d2s.labs.vu.nl/group15/resource/loc_4900699_52355274"/>
        <entity2 rdf:resource="http://data.krw.d2s.labs.vu.nl/group6/findaslot/resource/Amsterdam_Tattoo_Museum"/>
        <relation>=</relation>
        <measure rdf:datatype="http://www.w3.org/2001/XMLSchema#float">0.0</measure>
      </Cell>
    </map>
    <map>
      <Cell>
        <entity1 rdf:resource="http://data.krw.d2s.labs.vu.nl/group15/resource/loc_49398390_523691980"/>
        <entity2 rdf:resource="http://data.krw.d2s.labs.vu.nl/group6/findaslot/resource/Nederlands_Persmuseum"/>
        <relation>=</relation>
        <measure rdf:datatype="http://www.w3.org/2001/XMLSchema#float">0.0</measure>
      </Cell>
    </map>
    <map>
      <Cell>
        <entity1 rdf:resource="http://data.krw.d2s.labs.vu.nl/group15/resource/loc_4888318_52362394"/>
        <entity2 rdf:resource="http://data.krw.d2s.labs.vu.nl/group6/findaslot/resource/De_Portretwinkel"/>
        <relation>=</relation>
        <measure rdf:datatype="http://www.w3.org/2001/XMLSchema#float">0.0</measure>
      </Cell>
    </map>
    <map>
      <Cell>
        <entity1 rdf:resource="http://data.krw.d2s.labs.vu.nl/group15/vocab/city"/>
        <entity2 rdf:resource="http://dbpedia.org/ontology/city"/>
        <relation>=</relation>
        <measure rdf:datatype="http://www.w3.org/2001/XMLSchema#float">0.0</measure>
      </Cell>
    </map>
    <map>
      <Cell>
        <entity1 rdf:resource="http://data.krw.d2s.labs.vu.nl/group15/resource/loc_4867388_52363563"/>
        <entity2 rdf:resource="http://data.krw.d2s.labs.vu.nl/group6/findaslot/resource/New_Art_space_Amsterdam"/>
        <relation>=</relation>
        <measure rdf:datatype="http://www.w3.org/2001/XMLSchema#float">0.0</measure>
      </Cell>
    </map>
    <map>
      <Cell>
        <entity1 rdf:resource="http://data.krw.d2s.labs.vu.nl/group15/resource/loc_49555340_523154950"/>
        <entity2 rdf:resource="http://data.krw.d2s.labs.vu.nl/group6/findaslot/resource/CBK_Zuidoost"/>
        <relation>=</relation>
        <measure rdf:datatype="http://www.w3.org/2001/XMLSchema#float">0.0</measure>
      </Cell>
    </map>
    <map>
      <Cell>
        <entity1 rdf:resource="http://data.krw.d2s.labs.vu.nl/group15/resource/loc_4758602_52255266"/>
        <entity2 rdf:resource="http://data.krw.d2s.labs.vu.nl/group6/findaslot/resource/Galerie_Sous_Terre"/>
        <relation>=</relation>
        <measure rdf:datatype="http://www.w3.org/2001/XMLSchema#float">0.0</measure>
      </Cell>
    </map>
    <map>
      <Cell>
        <entity1 rdf:resource="http://data.krw.d2s.labs.vu.nl/group15/resource/loc_4891803_52362614"/>
        <entity2 rdf:resource="http://data.krw.d2s.labs.vu.nl/group6/findaslot/resource/Foam_Editions"/>
        <relation>=</relation>
        <measure rdf:datatype="http://www.w3.org/2001/XMLSchema#float">0.0</measure>
      </Cell>
    </map>
    <map>
      <Cell>
        <entity1 rdf:resource="http://data.krw.d2s.labs.vu.nl/group15/resource/loc_4820372_52473071"/>
        <entity2 rdf:resource="http://data.krw.d2s.labs.vu.nl/group6/findaslot/resource/Zaanse_Schans"/>
        <relation>=</relation>
        <measure rdf:datatype="http://www.w3.org/2001/XMLSchema#float">0.0</measure>
      </Cell>
    </map>
    <map>
      <Cell>
        <entity1 rdf:resource="http://data.krw.d2s.labs.vu.nl/group15/resource/loc_4879857_52370601"/>
        <entity2 rdf:resource="http://data.krw.d2s.labs.vu.nl/group6/findaslot/resource/Wim_van_Krimpen"/>
        <relation>=</relation>
        <measure rdf:datatype="http://www.w3.org/2001/XMLSchema#float">0.0</measure>
      </Cell>
    </map>
    <map>
      <Cell>
        <entity1 rdf:resource="http://data.krw.d2s.labs.vu.nl/group15/resource/loc_48842670_523763810"/>
        <entity2 rdf:resource="http://data.krw.d2s.labs.vu.nl/group6/findaslot/resource/Amsterdam_Tulip_Museum"/>
        <relation>=</relation>
        <measure rdf:datatype="http://www.w3.org/2001/XMLSchema#float">0.0</measure>
      </Cell>
    </map>
    <map>
      <Cell>
        <entity1 rdf:resource="http://data.krw.d2s.labs.vu.nl/group15/vocab/media"/>
        <entity2 rdf:resource="http://data.krw.d2s.labs.vu.nl/group6/findaslot/vocab/media"/>
        <relation>=</relation>
        <measure rdf:datatype="http://www.w3.org/2001/XMLSchema#float">0.0</measure>
      </Cell>
    </map>
    <map>
      <Cell>
        <entity1 rdf:resource="http://data.krw.d2s.labs.vu.nl/group15/resource/loc_4886356_52368534"/>
        <entity2 rdf:resource="http://data.krw.d2s.labs.vu.nl/group6/findaslot/resource/Bijbels_Museum"/>
        <relation>=</relation>
        <measure rdf:datatype="http://www.w3.org/2001/XMLSchema#float">0.0</measure>
      </Cell>
    </map>
    <map>
      <Cell>
        <entity1 rdf:resource="http://schema.org/EventVenue"/>
        <entity2 rdf:resource="http://data.krw.d2s.labs.vu.nl/group6/findaslot/vocab/hasVenue"/>
        <relation>=</relation>
        <measure rdf:datatype="http://www.w3.org/2001/XMLSchema#float">0.0</measure>
      </Cell>
    </map>
    <map>
      <Cell>
        <entity1 rdf:resource="http://data.krw.d2s.labs.vu.nl/group15/resource/loc_4815877_52471682"/>
        <entity2 rdf:resource="http://data.krw.d2s.labs.vu.nl/group6/findaslot/resource/Museum_Zaanse_Tijd"/>
        <relation>=</relation>
        <measure rdf:datatype="http://www.w3.org/2001/XMLSchema#float">0.0</measure>
      </Cell>
    </map>
    <map>
      <Cell>
        <entity1 rdf:resource="http://data.krw.d2s.labs.vu.nl/group13/vocab/Location"/>
        <entity2 rdf:resource="http://data.krw.d2s.labs.vu.nl/group6/findaslot/vocab/Location"/>
        <relation>=</relation>
        <measure rdf:datatype="http://www.w3.org/2001/XMLSchema#float">0.0</measure>
      </Cell>
    </map>
    <map>
      <Cell>
        <entity1 rdf:resource="http://data.krw.d2s.labs.vu.nl/group15/resource/loc_48918030_523626140"/>
        <entity2 rdf:resource="http://data.krw.d2s.labs.vu.nl/group6/findaslot/resource/Stadsarchief_Amsterdam_-_De_Bazel"/>
        <relation>=</relation>
        <measure rdf:datatype="http://www.w3.org/2001/XMLSchema#float">0.0</measure>
      </Cell>
    </map>
    <map>
      <Cell>
        <entity1 rdf:resource="http://data.krw.d2s.labs.vu.nl/group15/resource/loc_5074744_52493173"/>
        <entity2 rdf:resource="http://data.krw.d2s.labs.vu.nl/group6/findaslot/resource/Volendams_Museum"/>
        <relation>=</relation>
        <measure rdf:datatype="http://www.w3.org/2001/XMLSchema#float">0.0</measure>
      </Cell>
    </map>
    <map>
      <Cell>
        <entity1 rdf:resource="http://data.krw.d2s.labs.vu.nl/group15/vocab/url"/>
        <entity2 rdf:resource="http://data.krw.d2s.labs.vu.nl/group6/findaslot/vocab/url"/>
        <relation>=</relation>
        <measure rdf:datatype="http://www.w3.org/2001/XMLSchema#float">0.0</measure>
      </Cell>
    </map>
    <map>
      <Cell>
        <entity1 rdf:resource="http://data.krw.d2s.labs.vu.nl/group15/resource/loc_48922220_523730560"/>
        <entity2 rdf:resource="http://data.krw.d2s.labs.vu.nl/group6/findaslot/resource/Stichting_WG-Kunst"/>
        <relation>=</relation>
        <measure rdf:datatype="http://www.w3.org/2001/XMLSchema#float">0.0</measure>
      </Cell>
    </map>
    <map>
      <Cell>
        <entity1 rdf:resource="http://schema.org/longitude"/>
        <entity2 rdf:resource="http://www.w3.org/2003/01/geo/wgs84_pos#long"/>
        <relation>=</relation>
        <measure rdf:datatype="http://www.w3.org/2001/XMLSchema#float">0.0</measure>
      </Cell>
    </map>
    <map>
      <Cell>
        <entity1 rdf:resource="http://schema.org/latitude"/>
        <entity2 rdf:resource="http://www.w3.org/2003/01/geo/wgs84_pos#lat"/>
        <relation>=</relation>
        <measure rdf:datatype="http://www.w3.org/2001/XMLSchema#float">0.0</measure>
      </Cell>
    </map>
    <map>
      <Cell>
        <entity1 rdf:resource="http://data.krw.d2s.labs.vu.nl/group15/resource/loc_49009780_523843990"/>
        <entity2 rdf:resource="http://data.krw.d2s.labs.vu.nl/group6/findaslot/resource/EYE_Filmmuseum"/>
        <relation>=</relation>
        <measure rdf:datatype="http://www.w3.org/2001/XMLSchema#float">0.0</measure>
      </Cell>
    </map>
    <map>
      <Cell>
        <entity1 rdf:resource="http://data.krw.d2s.labs.vu.nl/group15/resource/loc_4815715_52471682"/>
        <entity2 rdf:resource="http://data.krw.d2s.labs.vu.nl/group6/findaslot/resource/Museumwinkel_Albert_Heijn"/>
        <relation>=</relation>
        <measure rdf:datatype="http://www.w3.org/2001/XMLSchema#float">0.0</measure>
      </Cell>
    </map>
    <map>
      <Cell>
        <entity1 rdf:resource="http://data.krw.d2s.labs.vu.nl/group15/resource/loc_48994870_523751050"/>
        <entity2 rdf:resource="http://data.krw.d2s.labs.vu.nl/group6/findaslot/resource/Museum_Ons'_Lieve_Heer_op_Solder"/>
        <relation>=</relation>
        <measure rdf:datatype="http://www.w3.org/2001/XMLSchema#float">0.0</measure>
      </Cell>
    </map>
    <map>
      <Cell>
        <entity1 rdf:resource="http://data.krw.d2s.labs.vu.nl/group15/resource/loc_48863550_523685340"/>
        <entity2 rdf:resource="http://data.krw.d2s.labs.vu.nl/group6/findaslot/resource/Cromhouthuis"/>
        <relation>=</relation>
        <measure rdf:datatype="http://www.w3.org/2001/XMLSchema#float">0.0</measure>
      </Cell>
    </map>
    <map>
      <Cell>
        <entity1 rdf:resource="http://data.krw.d2s.labs.vu.nl/group15/resource/loc_4897631_52371321"/>
        <entity2 rdf:resource="http://data.krw.d2s.labs.vu.nl/group6/findaslot/resource/Anadolu_3-D_Holography"/>
        <relation>=</relation>
        <measure rdf:datatype="http://www.w3.org/2001/XMLSchema#float">0.0</measure>
      </Cell>
    </map>
    <map>
      <Cell>
        <entity1 rdf:resource="http://data.krw.d2s.labs.vu.nl/group15/resource/loc_4823555_52437351"/>
        <entity2 rdf:resource="http://data.krw.d2s.labs.vu.nl/group6/findaslot/resource/Czaar_Peterhuisje"/>
        <relation>=</relation>
        <measure rdf:datatype="http://www.w3.org/2001/XMLSchema#float">0.0</measure>
      </Cell>
    </map>
    <map>
      <Cell>
        <entity1 rdf:resource="http://data.krw.d2s.labs.vu.nl/group15/resource/loc_4883504_52377851"/>
        <entity2 rdf:resource="http://data.krw.d2s.labs.vu.nl/group6/findaslot/resource/KochxBos"/>
        <relation>=</relation>
        <measure rdf:datatype="http://www.w3.org/2001/XMLSchema#float">0.0</measure>
      </Cell>
    </map>
    <map>
      <Cell>
        <entity1 rdf:resource="http://data.krw.d2s.labs.vu.nl/group15/resource/loc_4843816_52241937"/>
        <entity2 rdf:resource="http://data.krw.d2s.labs.vu.nl/group6/findaslot/resource/Kunstuitleen_en_Galerie_Timeless"/>
        <relation>=</relation>
        <measure rdf:datatype="http://www.w3.org/2001/XMLSchema#float">0.0</measure>
      </Cell>
    </map>
    <map>
      <Cell>
        <entity1 rdf:resource="http://data.krw.d2s.labs.vu.nl/group15/resource/loc_49393480_523771770"/>
        <entity2 rdf:resource="http://data.krw.d2s.labs.vu.nl/group6/findaslot/resource/Galerie_Pien_Rademakers"/>
        <relation>=</relation>
        <measure rdf:datatype="http://www.w3.org/2001/XMLSchema#float">0.0</measure>
      </Cell>
    </map>
    <map>
      <Cell>
        <entity1 rdf:resource="http://data.krw.d2s.labs.vu.nl/group15/resource/loc_4883329_52370445"/>
        <entity2 rdf:resource="http://data.krw.d2s.labs.vu.nl/group6/findaslot/resource/de_Glaswerkplaats"/>
        <relation>=</relation>
        <measure rdf:datatype="http://www.w3.org/2001/XMLSchema#float">0.0</measure>
      </Cell>
    </map>
    <map>
      <Cell>
        <entity1 rdf:resource="http://data.krw.d2s.labs.vu.nl/group15/resource/loc_43141620_520834100"/>
        <entity2 rdf:resource="http://data.krw.d2s.labs.vu.nl/group6/findaslot/resource/Escher_in_het_Paleis"/>
        <relation>=</relation>
        <measure rdf:datatype="http://www.w3.org/2001/XMLSchema#float">0.0</measure>
      </Cell>
    </map>
    <map>
      <Cell>
        <entity1 rdf:resource="http://data.krw.d2s.labs.vu.nl/group15/resource/loc_4897046_52377970"/>
        <entity2 rdf:resource="http://data.krw.d2s.labs.vu.nl/group6/findaslot/resource/5&amp;33_Kunstgalerij"/>
        <relation>=</relation>
        <measure rdf:datatype="http://www.w3.org/2001/XMLSchema#float">0.0</measure>
      </Cell>
    </map>
    <map>
      <Cell>
        <entity1 rdf:resource="http://data.krw.d2s.labs.vu.nl/group15/resource/loc_4878379_52373448"/>
        <entity2 rdf:resource="http://data.krw.d2s.labs.vu.nl/group6/findaslot/resource/Fons_Welters"/>
        <relation>=</relation>
        <measure rdf:datatype="http://www.w3.org/2001/XMLSchema#float">0.0</measure>
      </Cell>
    </map>
    <map>
      <Cell>
        <entity1 rdf:resource="http://data.krw.d2s.labs.vu.nl/group15/resource/loc_54379380_525238260"/>
        <entity2 rdf:resource="http://data.krw.d2s.labs.vu.nl/group6/findaslot/resource/Bataviawerf_Lelystad"/>
        <relation>=</relation>
        <measure rdf:datatype="http://www.w3.org/2001/XMLSchema#float">0.0</measure>
      </Cell>
    </map>
    <map>
      <Cell>
        <entity1 rdf:resource="http://data.krw.d2s.labs.vu.nl/group15/resource/loc_48860470_523636580"/>
        <entity2 rdf:resource="http://data.krw.d2s.labs.vu.nl/group6/findaslot/resource/Amsterdam_Pipe_Museum"/>
        <relation>=</relation>
        <measure rdf:datatype="http://www.w3.org/2001/XMLSchema#float">0.0</measure>
      </Cell>
    </map>
    <map>
      <Cell>
        <entity1 rdf:resource="http://data.krw.d2s.labs.vu.nl/group15/resource/loc_4906331_52373353"/>
        <entity2 rdf:resource="http://data.krw.d2s.labs.vu.nl/group6/findaslot/resource/De_Appel_arts_centre"/>
        <relation>=</relation>
        <measure rdf:datatype="http://www.w3.org/2001/XMLSchema#float">0.0</measure>
      </Cell>
    </map>
    <map>
      <Cell>
        <entity1 rdf:resource="http://data.krw.d2s.labs.vu.nl/group15/resource/loc_48937150_523723730"/>
        <entity2 rdf:resource="http://data.krw.d2s.labs.vu.nl/group6/findaslot/resource/Ripley's_Believe_it_or_Not"/>
        <relation>=</relation>
        <measure rdf:datatype="http://www.w3.org/2001/XMLSchema#float">0.0</measure>
      </Cell>
    </map>
    <map>
      <Cell>
        <entity1 rdf:resource="http://schema.org/address"/>
        <entity2 rdf:resource="http://dbpedia.org/ontology/address"/>
        <relation>=</relation>
        <measure rdf:datatype="http://www.w3.org/2001/XMLSchema#float">0.0</measure>
      </Cell>
    </map>
    <map>
      <Cell>
        <entity1 rdf:resource="http://data.krw.d2s.labs.vu.nl/group15/vocab/location"/>
        <entity2 rdf:resource="http://data.krw.d2s.labs.vu.nl/group6/findaslot/vocab/Location"/>
        <relation>=</relation>
        <measure rdf:datatype="http://www.w3.org/2001/XMLSchema#float">0.0</measure>
      </Cell>
    </map>
    <map>
      <Cell>
        <entity1 rdf:resource="http://data.krw.d2s.labs.vu.nl/group15/resource/loc_48933720_523634770"/>
        <entity2 rdf:resource="http://data.krw.d2s.labs.vu.nl/group6/findaslot/resource/Museum_Van_Loon"/>
        <relation>=</relation>
        <measure rdf:datatype="http://www.w3.org/2001/XMLSchema#float">0.0</measure>
      </Cell>
    </map>
    <map>
      <Cell>
        <entity1 rdf:resource="http://data.krw.d2s.labs.vu.nl/group15/resource/loc_48848400_523596920"/>
        <entity2 rdf:resource="http://data.krw.d2s.labs.vu.nl/group6/findaslot/resource/Rijksmuseum"/>
        <relation>=</relation>
        <measure rdf:datatype="http://www.w3.org/2001/XMLSchema#float">0.0</measure>
      </Cell>
    </map>
    <map>
      <Cell>
        <entity1 rdf:resource="http://data.krw.d2s.labs.vu.nl/group15/vocab/latitude"/>
        <entity2 rdf:resource="http://www.w3.org/2003/01/geo/wgs84_pos#lat"/>
        <relation>=</relation>
        <measure rdf:datatype="http://www.w3.org/2001/XMLSchema#float">0.0</measure>
      </Cell>
    </map>
    <map>
      <Cell>
        <entity1 rdf:resource="http://data.krw.d2s.labs.vu.nl/group15/resource/loc_4890257_52365210"/>
        <entity2 rdf:resource="http://data.krw.d2s.labs.vu.nl/group6/findaslot/resource/Lieve_Hemel"/>
        <relation>=</relation>
        <measure rdf:datatype="http://www.w3.org/2001/XMLSchema#float">0.0</measure>
      </Cell>
    </map>
    <map>
      <Cell>
        <entity1 rdf:resource="http://data.krw.d2s.labs.vu.nl/group15/vocab/address"/>
        <entity2 rdf:resource="http://dbpedia.org/ontology/address"/>
        <relation>=</relation>
        <measure rdf:datatype="http://www.w3.org/2001/XMLSchema#float">0.0</measure>
      </Cell>
    </map>
    <map>
      <Cell>
        <entity1 rdf:resource="http://data.krw.d2s.labs.vu.nl/group15/resource/loc_48915990_523841540"/>
        <entity2 rdf:resource="http://data.krw.d2s.labs.vu.nl/group6/findaslot/resource/Ateliers_Westerdok"/>
        <relation>=</relation>
        <measure rdf:datatype="http://www.w3.org/2001/XMLSchema#float">0.0</measure>
      </Cell>
    </map>
    <map>
      <Cell>
        <entity1 rdf:resource="http://data.krw.d2s.labs.vu.nl/group15/resource/loc_46367730_524480100"/>
        <entity2 rdf:resource="http://data.krw.d2s.labs.vu.nl/group6/findaslot/resource/Pieter_Vermeulen_Museum"/>
        <relation>=</relation>
        <measure rdf:datatype="http://www.w3.org/2001/XMLSchema#float">0.0</measure>
      </Cell>
    </map>
    <map>
      <Cell>
        <entity1 rdf:resource="http://data.krw.d2s.labs.vu.nl/group15/resource/loc_4884359_52370287"/>
        <entity2 rdf:resource="http://data.krw.d2s.labs.vu.nl/group6/findaslot/resource/Dutch_Accent"/>
        <relation>=</relation>
        <measure rdf:datatype="http://www.w3.org/2001/XMLSchema#float">0.0</measure>
      </Cell>
    </map>
    <map>
      <Cell>
        <entity1 rdf:resource="http://data.krw.d2s.labs.vu.nl/group15/resource/loc_48989360_523736790"/>
        <entity2 rdf:resource="http://data.krw.d2s.labs.vu.nl/group6/findaslot/resource/Red_Light_Secrets"/>
        <relation>=</relation>
        <measure rdf:datatype="http://www.w3.org/2001/XMLSchema#float">0.0</measure>
      </Cell>
    </map>
    <map>
      <Cell>
        <entity1 rdf:resource="http://data.krw.d2s.labs.vu.nl/group15/resource/loc_49164250_523707700"/>
        <entity2 rdf:resource="http://data.krw.d2s.labs.vu.nl/group6/findaslot/resource/Het_Scheepvaartmuseum_Amsterdam"/>
        <relation>=</relation>
        <measure rdf:datatype="http://www.w3.org/2001/XMLSchema#float">0.0</measure>
      </Cell>
    </map>
    <map>
      <Cell>
        <entity1 rdf:resource="http://data.krw.d2s.labs.vu.nl/group15/resource/loc_4896005_52373871"/>
        <entity2 rdf:resource="http://data.krw.d2s.labs.vu.nl/group6/findaslot/resource/w139"/>
        <relation>=</relation>
        <measure rdf:datatype="http://www.w3.org/2001/XMLSchema#float">0.0</measure>
      </Cell>
    </map>
    <map>
      <Cell>
        <entity1 rdf:resource="http://data.krw.d2s.labs.vu.nl/group13/vocab/hasLatitude"/>
        <entity2 rdf:resource="http://www.w3.org/2003/01/geo/wgs84_pos#lat"/>
        <relation>=</relation>
        <measure rdf:datatype="http://www.w3.org/2001/XMLSchema#float">0.0</measure>
      </Cell>
    </map>
    <map>
      <Cell>
        <entity1 rdf:resource="http://data.krw.d2s.labs.vu.nl/group15/resource/loc_4880602_52372704"/>
        <entity2 rdf:resource="http://data.krw.d2s.labs.vu.nl/group6/findaslot/resource/Radar_Architecture_&amp;_Art"/>
        <relation>=</relation>
        <measure rdf:datatype="http://www.w3.org/2001/XMLSchema#float">0.0</measure>
      </Cell>
    </map>
    <map>
      <Cell>
        <entity1 rdf:resource="http://data.krw.d2s.labs.vu.nl/group15/resource/loc_4879801_52356429"/>
        <entity2 rdf:resource="http://data.krw.d2s.labs.vu.nl/group6/findaslot/resource/Stedelijk_Museum"/>
        <relation>=</relation>
        <measure rdf:datatype="http://www.w3.org/2001/XMLSchema#float">0.0</measure>
      </Cell>
    </map>
    <map>
      <Cell>
        <entity1 rdf:resource="http://data.krw.d2s.labs.vu.nl/group15/resource/loc_48930710_523685000"/>
        <entity2 rdf:resource="http://data.krw.d2s.labs.vu.nl/group6/findaslot/resource/Allard_Pierson_Museum"/>
        <relation>=</relation>
        <measure rdf:datatype="http://www.w3.org/2001/XMLSchema#float">0.0</measure>
      </Cell>
    </map>
    <map>
      <Cell>
        <entity1 rdf:resource="http://data.krw.d2s.labs.vu.nl/group15/vocab/Location"/>
        <entity2 rdf:resource="http://data.krw.d2s.labs.vu.nl/group6/findaslot/vocab/Location"/>
        <relation>=</relation>
        <measure rdf:datatype="http://www.w3.org/2001/XMLSchema#float">0.0</measure>
      </Cell>
    </map>
    <map>
      <Cell>
        <entity1 rdf:resource="http://data.krw.d2s.labs.vu.nl/group15/resource/loc_48932770_523696240"/>
        <entity2 rdf:resource="http://data.krw.d2s.labs.vu.nl/group6/findaslot/resource/De_Brakke_Grond"/>
        <relation>=</relation>
        <measure rdf:datatype="http://www.w3.org/2001/XMLSchema#float">0.0</measure>
      </Cell>
    </map>
    <map>
      <Cell>
        <entity1 rdf:resource="http://data.krw.d2s.labs.vu.nl/group15/resource/loc_45986280_524574120"/>
        <entity2 rdf:resource="http://data.krw.d2s.labs.vu.nl/group6/findaslot/resource/Zee-en_Havenmuseum"/>
        <relation>=</relation>
        <measure rdf:datatype="http://www.w3.org/2001/XMLSchema#float">0.0</measure>
      </Cell>
    </map>
    <map>
      <Cell>
        <entity1 rdf:resource="http://data.krw.d2s.labs.vu.nl/group15/resource/loc_4894035_52369350"/>
        <entity2 rdf:resource="http://data.krw.d2s.labs.vu.nl/group6/findaslot/resource/Galerie_Mokum"/>
        <relation>=</relation>
        <measure rdf:datatype="http://www.w3.org/2001/XMLSchema#float">0.0</measure>
      </Cell>
    </map>
    <map>
      <Cell>
        <entity1 rdf:resource="http://data.krw.d2s.labs.vu.nl/group13/vocab/hasLongitude"/>
        <entity2 rdf:resource="http://www.w3.org/2003/01/geo/wgs84_pos#long"/>
        <relation>=</relation>
        <measure rdf:datatype="http://www.w3.org/2001/XMLSchema#float">0.0</measure>
      </Cell>
    </map>
    <map>
      <Cell>
        <entity1 rdf:resource="http://data.krw.d2s.labs.vu.nl/group15/resource/loc_49034840_523704660"/>
        <entity2 rdf:resource="http://data.krw.d2s.labs.vu.nl/group6/findaslot/resource/Van_Zoetendaal_Photography"/>
        <relation>=</relation>
        <measure rdf:datatype="http://www.w3.org/2001/XMLSchema#float">0.0</measure>
      </Cell>
    </map>
    <map>
      <Cell>
        <entity1 rdf:resource="http://data.krw.d2s.labs.vu.nl/group15/resource/loc_5172563_52235799"/>
        <entity2 rdf:resource="http://data.krw.d2s.labs.vu.nl/group6/findaslot/resource/Beeld_en_Geluid"/>
        <relation>=</relation>
        <measure rdf:datatype="http://www.w3.org/2001/XMLSchema#float">0.0</measure>
      </Cell>
    </map>
    <map>
      <Cell>
        <entity1 rdf:resource="http://data.krw.d2s.labs.vu.nl/group15/resource/loc_48932940_523639570"/>
        <entity2 rdf:resource="http://data.krw.d2s.labs.vu.nl/group6/findaslot/resource/Foam_Fotografiemuseum_Amsterdam"/>
        <relation>=</relation>
        <measure rdf:datatype="http://www.w3.org/2001/XMLSchema#float">0.0</measure>
      </Cell>
    </map>
    <map>
      <Cell>
        <entity1 rdf:resource="http://purl.org/NET/c4dm/event.owl#Event"/>
        <entity2 rdf:resource="http://data.krw.d2s.labs.vu.nl/group6/findaslot/vocab/Event"/>
        <relation>=</relation>
        <measure rdf:datatype="http://www.w3.org/2001/XMLSchema#float">0.0</measure>
      </Cell>
    </map>
    <map>
      <Cell>
        <entity1 rdf:resource="http://data.krw.d2s.labs.vu.nl/group15/resource/loc_48968620_523651810"/>
        <entity2 rdf:resource="http://data.krw.d2s.labs.vu.nl/group6/findaslot/resource/Tassenmuseum_Hendrikje"/>
        <relation>=</relation>
        <measure rdf:datatype="http://www.w3.org/2001/XMLSchema#float">0.0</measure>
      </Cell>
    </map>
    <map>
      <Cell>
        <entity1 rdf:resource="http://data.krw.d2s.labs.vu.nl/group15/resource/loc_4946421_52509742"/>
        <entity2 rdf:resource="http://data.krw.d2s.labs.vu.nl/group6/findaslot/resource/Purmerends_Museum"/>
        <relation>=</relation>
        <measure rdf:datatype="http://www.w3.org/2001/XMLSchema#float">0.0</measure>
      </Cell>
    </map>
    <map>
      <Cell>
        <entity1 rdf:resource="http://data.krw.d2s.labs.vu.nl/group15/resource/loc_48977700_523705010"/>
        <entity2 rdf:resource="http://data.krw.d2s.labs.vu.nl/group6/findaslot/resource/Compagnietheater"/>
        <relation>=</relation>
        <measure rdf:datatype="http://www.w3.org/2001/XMLSchema#float">0.0</measure>
      </Cell>
    </map>
    <map>
      <Cell>
        <entity1 rdf:resource="http://data.krw.d2s.labs.vu.nl/group15/resource/loc_51303840_520870510"/>
        <entity2 rdf:resource="http://data.krw.d2s.labs.vu.nl/group6/findaslot/resource/Het_Spoorwegmuseum_Utrecht"/>
        <relation>=</relation>
        <measure rdf:datatype="http://www.w3.org/2001/XMLSchema#float">0.0</measure>
      </Cell>
    </map>
    <map>
      <Cell>
        <entity1 rdf:resource="http://schema.org/location"/>
        <entity2 rdf:resource="http://data.krw.d2s.labs.vu.nl/group6/findaslot/vocab/Location"/>
        <relation>=</relation>
        <measure rdf:datatype="http://www.w3.org/2001/XMLSchema#float">0.0</measure>
      </Cell>
    </map>
    <map>
      <Cell>
        <entity1 rdf:resource="http://data.krw.d2s.labs.vu.nl/group15/resource/loc_45536360_522588810"/>
        <entity2 rdf:resource="http://data.krw.d2s.labs.vu.nl/group6/findaslot/resource/Museum_De_Zwarte_Tulp"/>
        <relation>=</relation>
        <measure rdf:datatype="http://www.w3.org/2001/XMLSchema#float">0.0</measure>
      </Cell>
    </map>
    <map>
      <Cell>
        <entity1 rdf:resource="http://data.krw.d2s.labs.vu.nl/group15/resource/loc_48744980_523899260"/>
        <entity2 rdf:resource="http://data.krw.d2s.labs.vu.nl/group6/findaslot/resource/Museum_Het_Schip_-_De_Amsterdamse_School"/>
        <relation>=</relation>
        <measure rdf:datatype="http://www.w3.org/2001/XMLSchema#float">0.0</measure>
      </Cell>
    </map>
    <map>
      <Cell>
        <entity1 rdf:resource="http://data.krw.d2s.labs.vu.nl/group15/resource/loc_49120140_523742380"/>
        <entity2 rdf:resource="http://data.krw.d2s.labs.vu.nl/group6/findaslot/resource/Science_Center_NEMO"/>
        <relation>=</relation>
        <measure rdf:datatype="http://www.w3.org/2001/XMLSchema#float">0.0</measure>
      </Cell>
    </map>
    <map>
      <Cell>
        <entity1 rdf:resource="http://data.krw.d2s.labs.vu.nl/group15/vocab/longitude"/>
        <entity2 rdf:resource="http://www.w3.org/2003/01/geo/wgs84_pos#long"/>
        <relation>=</relation>
        <measure rdf:datatype="http://www.w3.org/2001/XMLSchema#float">0.0</measure>
      </Cell>
    </map>
  </Alignment>
</rdf:RDF>
