<Interlink id="linke-events-group15">
        <SourceDataset dataSource="group15" var="a" typeUri="">
        <RestrictTo>
          
        </RestrictTo>
      </SourceDataset>
        <TargetDataset dataSource="find-a-slot" var="b" typeUri="">
        <RestrictTo>
          
        </RestrictTo>
      </TargetDataset>
        <LinkageRule linkType="&lt;http://www.w3.org/2002/07/owl#sameAs&gt;">
        <Aggregate id="average1" required="true" weight="1" type="average">
            <Compare id="levenshteinDistance1" required="true" weight="4" metric="levenshteinDistance" threshold="0.0" indexing="true">
            <TransformInput id="lowerCase1" function="lowerCase">
            <Input id="sourcePath1" path="/&lt;http://www.w3.org/2000/01/rdf-schema#label&gt;"/>
            
          </TransformInput><TransformInput id="lowerCase2" function="lowerCase">
            <Input id="targetPath1" path="/&lt;http://www.w3.org/2000/01/rdf-schema#label&gt;"/>
            
          </TransformInput><Param name="minChar" value="0"/><Param name="maxChar" value="z"/>
          </Compare><Compare id="levenshteinDistance2" required="false" weight="1" metric="levenshteinDistance" threshold="0.0" indexing="true">
            <TransformInput id="tokenize3" function="tokenize">
            <TransformInput id="lowerCase3" function="lowerCase">
            <Input id="sourcePath2" path="/&lt;http://www.w3.org/1999/02/22-rdf-syntax-ns#type&gt;/&lt;http://www.w3.org/2000/01/rdf-schema#label&gt;"/>
            
          </TransformInput>
            <Param name="regex" value="\s"/>
          </TransformInput><TransformInput id="tokenize4" function="tokenize">
            <TransformInput id="lowerCase4" function="lowerCase">
            <Input id="targetPath2" path="/&lt;http://www.w3.org/1999/02/22-rdf-syntax-ns#type&gt;/&lt;http://www.w3.org/2000/01/rdf-schema#label&gt;"/>
            
          </TransformInput>
            <Param name="regex" value="\s"/>
          </TransformInput><Param name="minChar" value="0"/><Param name="maxChar" value="z"/>
          </Compare><Compare id="levenshteinDistance3" required="false" weight="1" metric="levenshteinDistance" threshold="0.0" indexing="true">
            <Input id="sourcePath3" path="/&lt;http://schema.org/streetAddress&gt;"/><Input id="targetPath3" path="/&lt;http://dbpedia.org/ontology/location&gt;/&lt;http://dbpedia.org/ontology/address&gt;"/><Param name="minChar" value="0"/><Param name="maxChar" value="z"/>
          </Compare>
          </Aggregate>
        <Filter/>
      </LinkageRule>
        <Outputs>
          <Output id="output"></Output>
        </Outputs>
      </Interlink>