<Interlink id="linke-events-group15">
        <SourceDataset dataSource="group15" var="a" typeUri="">
        <RestrictTo>
          
        </RestrictTo>
      </SourceDataset>
        <TargetDataset dataSource="find-a-slot" var="b" typeUri="">
        <RestrictTo>
          
        </RestrictTo>
      </TargetDataset>
        <LinkageRule linkType="&lt;http://www.w3.org/2002/07/owl#sameAs&gt;">
        <Compare id="levenshteinDistance1" required="true" weight="1" metric="levenshteinDistance" threshold="0.1" indexing="true">
            <TransformInput id="lowerCase1" function="lowerCase">
            <Input id="sourcePath1" path="/&lt;http://www.w3.org/1999/02/22-rdf-syntax-ns#type&gt;"/>
            
          </TransformInput><TransformInput id="lowerCase2" function="lowerCase">
            <Input id="targetPath1" path="/&lt;http://www.w3.org/1999/02/22-rdf-syntax-ns#type&gt;"/>
            
          </TransformInput><Param name="minChar" value="0"/><Param name="maxChar" value="z"/>
          </Compare>
        <Filter/>
      </LinkageRule>
        <Outputs>
          <Output id="output"></Output>
        </Outputs>
      </Interlink>