<Entities>
  <Pair>
    <Source>
      <EntityDescription>
        <Type></Type>
        <Restriction></Restriction>
        <Paths>
          <Path>/&lt;http://www.w3.org/1999/02/22-rdf-syntax-ns#type&gt;</Path>
        </Paths>
      </EntityDescription>
    </Source>
    <Target>
      <EntityDescription>
        <Type></Type>
        <Restriction></Restriction>
        <Paths>
          <Path>/&lt;http://www.w3.org/1999/02/22-rdf-syntax-ns#type&gt;</Path>
        </Paths>
      </EntityDescription>
    </Target>
  </Pair>
  <SourceEntities>
    <Entity uri="http://schema.org/address">
      <Val> </Val>
    </Entity>
    <Entity uri="http://schema.org/Event">
      <Val>
        <e>http://www.w3.org/2002/07/owl#Class</e>
      </Val>
    </Entity>
    <Entity uri="http://data.krw.d2s.labs.vu.nl/group15/vocab/Location">
      <Val>
        <e>http://www.w3.org/2002/07/owl#Class</e>
      </Val>
    </Entity>
    <Entity uri="http://data.krw.d2s.labs.vu.nl/group15/resource/loc_4814461_52229058">
      <Val> </Val>
    </Entity>
    <Entity uri="http://purl.org/NET/c4dm/event.owl#Event">
      <Val>
        <e>http://www.w3.org/2002/07/owl#Class</e>
      </Val>
    </Entity>
    <Entity uri="http://data.krw.d2s.labs.vu.nl/group15/resource/loc_48915990_523841540">
      <Val> </Val>
    </Entity>
    <Entity uri="http://schema.org/Museum">
      <Val>
        <e>http://www.w3.org/2002/07/owl#Class</e>
        <e>http://www.w3.org/2002/07/owl#NamedIndividual</e>
      </Val>
    </Entity>
    <Entity uri="http://data.krw.d2s.labs.vu.nl/group15/vocab/longitude">
      <Val>
        <e>http://www.w3.org/2002/07/owl#DatatypeProperty</e>
      </Val>
    </Entity>
    <Entity uri="http://data.krw.d2s.labs.vu.nl/group15/vocab/city">
      <Val>
        <e>http://www.w3.org/2002/07/owl#DatatypeProperty</e>
      </Val>
    </Entity>
    <Entity uri="http://data.krw.d2s.labs.vu.nl/group15/vocab/media">
      <Val>
        <e>http://www.w3.org/2002/07/owl#DatatypeProperty</e>
      </Val>
    </Entity>
    <Entity uri="http://schema.org/City">
      <Val>
        <e>http://www.w3.org/2002/07/owl#Class</e>
      </Val>
    </Entity>
    <Entity uri="http://data.krw.d2s.labs.vu.nl/group15/vocab/url">
      <Val>
        <e>http://www.w3.org/2002/07/owl#DatatypeProperty</e>
      </Val>
    </Entity>
    <Entity uri="http://schema.org/location">
      <Val>
        <e>http://www.w3.org/2002/07/owl#ObjectProperty</e>
      </Val>
    </Entity>
    <Entity uri="http://schema.org/latitude">
      <Val>
        <e>http://www.w3.org/2002/07/owl#DatatypeProperty</e>
      </Val>
    </Entity>
    <Entity uri="http://data.krw.d2s.labs.vu.nl/group15/resource/loc_43141620_520834100">
      <Val> </Val>
    </Entity>
    <Entity uri="http://schema.org/EventVenue">
      <Val>
        <e>http://www.w3.org/2002/07/owl#Class</e>
      </Val>
    </Entity>
    <Entity uri="http://data.krw.d2s.labs.vu.nl/group15/vocab/address">
      <Val>
        <e>http://www.w3.org/2002/07/owl#DatatypeProperty</e>
      </Val>
    </Entity>
    <Entity uri="http://data.krw.d2s.labs.vu.nl/group15/vocab/location">
      <Val>
        <e>http://www.w3.org/2002/07/owl#ObjectProperty</e>
      </Val>
    </Entity>
    <Entity uri="http://data.krw.d2s.labs.vu.nl/group13/vocab/Event">
      <Val> </Val>
    </Entity>
    <Entity uri="http://schema.org/longitude">
      <Val>
        <e>http://www.w3.org/2002/07/owl#DatatypeProperty</e>
      </Val>
    </Entity>
    <Entity uri="http://data.krw.d2s.labs.vu.nl/group15/vocab/latitude">
      <Val>
        <e>http://www.w3.org/2002/07/owl#DatatypeProperty</e>
      </Val>
    </Entity>
  </SourceEntities>
  <TargetEntities>
    <Entity uri="http://data.krw.d2s.labs.vu.nl/group6/findaslot/vocab/hasVenue">
      <Val>
        <e>http://www.w3.org/2002/07/owl#ObjectProperty</e>
      </Val>
    </Entity>
    <Entity uri="http://dbpedia.org/ontology/address">
      <Val>
        <e>http://www.w3.org/2002/07/owl#DatatypeProperty</e>
        <e>http://www.w3.org/2002/07/owl#AnnotationProperty</e>
      </Val>
    </Entity>
    <Entity uri="http://data.krw.d2s.labs.vu.nl/group6/findaslot/resource/Escher_in_het_Paleis">
      <Val>
        <e>http://data.krw.d2s.labs.vu.nl/group6/findaslot/vocab/Event</e>
        <e>http://data.krw.d2s.labs.vu.nl/group6/findaslot/vocab/Venue</e>
      </Val>
    </Entity>
    <Entity uri="http://data.krw.d2s.labs.vu.nl/group6/findaslot/vocab/media">
      <Val>
        <e>http://www.w3.org/2002/07/owl#DatatypeProperty</e>
      </Val>
    </Entity>
    <Entity uri="http://www.w3.org/2003/01/geo/wgs84_pos#lat">
      <Val>
        <e>http://www.w3.org/2002/07/owl#AnnotationProperty</e>
      </Val>
    </Entity>
    <Entity uri="http://data.krw.d2s.labs.vu.nl/group6/findaslot/resource/Ateliers_Westerdok">
      <Val>
        <e>http://data.krw.d2s.labs.vu.nl/group6/findaslot/vocab/Event</e>
        <e>http://data.krw.d2s.labs.vu.nl/group6/findaslot/vocab/Venue</e>
      </Val>
    </Entity>
    <Entity uri="http://www.w3.org/2003/01/geo/wgs84_pos#long">
      <Val>
        <e>http://www.w3.org/2002/07/owl#AnnotationProperty</e>
      </Val>
    </Entity>
    <Entity uri="http://data.krw.d2s.labs.vu.nl/group6/findaslot/vocab/Event">
      <Val>
        <e>http://www.w3.org/2002/07/owl#Class</e>
      </Val>
    </Entity>
    <Entity uri="http://dbpedia.org/ontology/city">
      <Val>
        <e>http://www.w3.org/2002/07/owl#ObjectProperty</e>
        <e>http://www.w3.org/2002/07/owl#AnnotationProperty</e>
      </Val>
    </Entity>
    <Entity uri="http://data.krw.d2s.labs.vu.nl/group6/findaslot/vocab/Museum">
      <Val>
        <e>http://www.w3.org/2002/07/owl#Class</e>
      </Val>
    </Entity>
    <Entity uri="http://data.krw.d2s.labs.vu.nl/group6/findaslot/resource/Atelier_Gerard_van_Hulzen">
      <Val>
        <e>http://data.krw.d2s.labs.vu.nl/group6/findaslot/vocab/Event</e>
        <e>http://data.krw.d2s.labs.vu.nl/group6/findaslot/vocab/Venue</e>
      </Val>
    </Entity>
    <Entity uri="http://data.krw.d2s.labs.vu.nl/group6/findaslot/vocab/url">
      <Val>
        <e>http://www.w3.org/2002/07/owl#DatatypeProperty</e>
      </Val>
    </Entity>
    <Entity uri="http://data.krw.d2s.labs.vu.nl/group6/findaslot/vocab/Location">
      <Val>
        <e>http://www.w3.org/2002/07/owl#Class</e>
      </Val>
    </Entity>
  </TargetEntities>
  <PositiveLinks>
    <LinkCandidate>
      <Source>http://data.krw.d2s.labs.vu.nl/group15/vocab/location</Source>
      <Target>http://data.krw.d2s.labs.vu.nl/group6/findaslot/vocab/Location</Target>
      None
      None
    </LinkCandidate>
    <LinkCandidate>
      <Source>http://data.krw.d2s.labs.vu.nl/group13/vocab/Event</Source>
      <Target>http://data.krw.d2s.labs.vu.nl/group6/findaslot/vocab/Event</Target>
      Some(&lt;Confidence&gt;0.0&lt;/Confidence&gt;)
      None
    </LinkCandidate>
    <LinkCandidate>
      <Source>http://schema.org/EventVenue</Source>
      <Target>http://data.krw.d2s.labs.vu.nl/group6/findaslot/vocab/hasVenue</Target>
      None
      None
    </LinkCandidate>
    <LinkCandidate>
      <Source>http://data.krw.d2s.labs.vu.nl/group15/vocab/media</Source>
      <Target>http://data.krw.d2s.labs.vu.nl/group6/findaslot/vocab/media</Target>
      None
      None
    </LinkCandidate>
    <LinkCandidate>
      <Source>http://purl.org/NET/c4dm/event.owl#Event</Source>
      <Target>http://data.krw.d2s.labs.vu.nl/group6/findaslot/vocab/Event</Target>
      None
      None
    </LinkCandidate>
    <LinkCandidate>
      <Source>http://schema.org/City</Source>
      <Target>http://dbpedia.org/ontology/city</Target>
      None
      None
    </LinkCandidate>
    <LinkCandidate>
      <Source>http://schema.org/address</Source>
      <Target>http://dbpedia.org/ontology/address</Target>
      None
      None
    </LinkCandidate>
    <LinkCandidate>
      <Source>http://schema.org/location</Source>
      <Target>http://data.krw.d2s.labs.vu.nl/group6/findaslot/vocab/Location</Target>
      None
      None
    </LinkCandidate>
    <LinkCandidate>
      <Source>http://data.krw.d2s.labs.vu.nl/group15/resource/loc_43141620_520834100</Source>
      <Target>http://data.krw.d2s.labs.vu.nl/group6/findaslot/resource/Escher_in_het_Paleis</Target>
      None
      None
    </LinkCandidate>
    <LinkCandidate>
      <Source>http://schema.org/Museum</Source>
      <Target>http://data.krw.d2s.labs.vu.nl/group6/findaslot/vocab/Museum</Target>
      None
      None
    </LinkCandidate>
    <LinkCandidate>
      <Source>http://schema.org/latitude</Source>
      <Target>http://www.w3.org/2003/01/geo/wgs84_pos#lat</Target>
      None
      None
    </LinkCandidate>
    <LinkCandidate>
      <Source>http://data.krw.d2s.labs.vu.nl/group15/vocab/longitude</Source>
      <Target>http://www.w3.org/2003/01/geo/wgs84_pos#long</Target>
      None
      None
    </LinkCandidate>
    <LinkCandidate>
      <Source>http://data.krw.d2s.labs.vu.nl/group15/vocab/latitude</Source>
      <Target>http://www.w3.org/2003/01/geo/wgs84_pos#lat</Target>
      None
      None
    </LinkCandidate>
    <LinkCandidate>
      <Source>http://schema.org/Event</Source>
      <Target>http://data.krw.d2s.labs.vu.nl/group6/findaslot/vocab/Event</Target>
      None
      None
    </LinkCandidate>
    <LinkCandidate>
      <Source>http://data.krw.d2s.labs.vu.nl/group15/vocab/city</Source>
      <Target>http://dbpedia.org/ontology/city</Target>
      None
      None
    </LinkCandidate>
    <LinkCandidate>
      <Source>http://data.krw.d2s.labs.vu.nl/group15/vocab/Location</Source>
      <Target>http://data.krw.d2s.labs.vu.nl/group6/findaslot/vocab/Location</Target>
      None
      None
    </LinkCandidate>
    <LinkCandidate>
      <Source>http://schema.org/longitude</Source>
      <Target>http://www.w3.org/2003/01/geo/wgs84_pos#long</Target>
      None
      None
    </LinkCandidate>
    <LinkCandidate>
      <Source>http://data.krw.d2s.labs.vu.nl/group15/resource/loc_48915990_523841540</Source>
      <Target>http://data.krw.d2s.labs.vu.nl/group6/findaslot/resource/Ateliers_Westerdok</Target>
      None
      None
    </LinkCandidate>
    <LinkCandidate>
      <Source>http://data.krw.d2s.labs.vu.nl/group15/vocab/url</Source>
      <Target>http://data.krw.d2s.labs.vu.nl/group6/findaslot/vocab/url</Target>
      None
      None
    </LinkCandidate>
    <LinkCandidate>
      <Source>http://data.krw.d2s.labs.vu.nl/group15/resource/loc_4814461_52229058</Source>
      <Target>http://data.krw.d2s.labs.vu.nl/group6/findaslot/resource/Atelier_Gerard_van_Hulzen</Target>
      None
      None
    </LinkCandidate>
    <LinkCandidate>
      <Source>http://data.krw.d2s.labs.vu.nl/group15/vocab/address</Source>
      <Target>http://dbpedia.org/ontology/address</Target>
      None
      None
    </LinkCandidate>
  </PositiveLinks>
  <NegativeLinks> </NegativeLinks>
  <UnlabeledLinks> </UnlabeledLinks>
</Entities>
