<Entities>
  <Pair>
    <Source>
      <EntityDescription>
        <Type></Type>
        <Restriction></Restriction>
        <Paths>
          <Path>/&lt;http://www.w3.org/2000/01/rdf-schema#label&gt;</Path>
          <Path>/&lt;http://www.w3.org/1999/02/22-rdf-syntax-ns#type&gt;/&lt;http://www.w3.org/2000/01/rdf-schema#label&gt;</Path>
          <Path>/&lt;http://schema.org/streetAddress&gt;</Path>
        </Paths>
      </EntityDescription>
    </Source>
    <Target>
      <EntityDescription>
        <Type></Type>
        <Restriction></Restriction>
        <Paths>
          <Path>/&lt;http://www.w3.org/2000/01/rdf-schema#label&gt;</Path>
          <Path>/&lt;http://www.w3.org/1999/02/22-rdf-syntax-ns#type&gt;/&lt;http://www.w3.org/2000/01/rdf-schema#label&gt;</Path>
          <Path>/&lt;http://dbpedia.org/ontology/location&gt;/&lt;http://dbpedia.org/ontology/address&gt;</Path>
        </Paths>
      </EntityDescription>
    </Target>
  </Pair>
  <SourceEntities>
    <Entity uri="http://data.krw.d2s.labs.vu.nl/group15/resource/loc_48937150_523723730">
      <Val>
        <e>Ripley's Believe it or Not</e>
      </Val>
      <Val> </Val>
      <Val>
        <e>Dam 21</e>
      </Val>
    </Entity>
    <Entity uri="http://purl.org/NET/c4dm/event.owl#Event">
      <Val>
        <e>Event</e>
      </Val>
      <Val> </Val>
      <Val> </Val>
    </Entity>
    <Entity uri="http://data.krw.d2s.labs.vu.nl/group15/resource/loc_5065541_52490694">
      <Val>
        <e>Palingrokerij Smit Bokkum</e>
      </Val>
      <Val> </Val>
      <Val>
        <e>Slobbeland 19</e>
      </Val>
    </Entity>
    <Entity uri="http://data.krw.d2s.labs.vu.nl/group15/resource/loc_48915990_523841540">
      <Val>
        <e>Ateliers Westerdok</e>
      </Val>
      <Val> </Val>
      <Val>
        <e>Westerdok 318</e>
      </Val>
    </Entity>
    <Entity uri="http://data.krw.d2s.labs.vu.nl/group15/resource/loc_4815877_52471682">
      <Val>
        <e>Museum Zaanse Tijd</e>
      </Val>
      <Val> </Val>
      <Val>
        <e>Kalverringdijk 3</e>
      </Val>
    </Entity>
    <Entity uri="http://data.krw.d2s.labs.vu.nl/group15/resource/loc_49164250_523707700">
      <Val>
        <e></e>
        <e>Het Scheepvaartmuseum Amsterdam</e>
      </Val>
      <Val> </Val>
      <Val>
        <e>Kattenburgerplein 1</e>
      </Val>
    </Entity>
    <Entity uri="http://data.krw.d2s.labs.vu.nl/group15/resource/loc_49063310_523733530">
      <Val>
        <e>De Appel arts centre</e>
      </Val>
      <Val> </Val>
      <Val>
        <e>Prins Hendrikkade 142</e>
      </Val>
    </Entity>
    <Entity uri="http://data.krw.d2s.labs.vu.nl/group15/resource/loc_4883329_52370445">
      <Val>
        <e>de Glaswerkplaats</e>
      </Val>
      <Val> </Val>
      <Val>
        <e>Berenstraat 41</e>
      </Val>
    </Entity>
    <Entity uri="http://data.krw.d2s.labs.vu.nl/group15/resource/loc_48714400_523859370">
      <Val>
        <e>Westergasfabriek</e>
        <e>Pacific Parc</e>
        <e>Ranara</e>
      </Val>
      <Val> </Val>
      <Val>
        <e>Polonceaukade 27</e>
        <e>Polonceaukade 23</e>
        <e>Polonceaukade 40</e>
      </Val>
    </Entity>
    <Entity uri="http://data.krw.d2s.labs.vu.nl/group15/resource/loc_4906331_52373353">
      <Val>
        <e>De Appel arts centre</e>
      </Val>
      <Val> </Val>
      <Val>
        <e>Prins Hendrikkade 142</e>
      </Val>
    </Entity>
    <Entity uri="http://data.krw.d2s.labs.vu.nl/group15/resource/loc_4817829_52473274">
      <Val>
        <e>Bakkerij Museum Gecroonde Duyvekater</e>
      </Val>
      <Val> </Val>
      <Val>
        <e>Zeilenmakerspad 4</e>
      </Val>
    </Entity>
    <Entity uri="http://data.krw.d2s.labs.vu.nl/group15/resource/loc_49009780_523843990">
      <Val>
        <e>EYE Filmmuseum</e>
      </Val>
      <Val> </Val>
      <Val>
        <e>IJpromenade 1</e>
      </Val>
    </Entity>
    <Entity uri="http://data.krw.d2s.labs.vu.nl/group15/resource/loc_52969760_527030600">
      <Val>
        <e>Het Zuiderzeemuseum</e>
      </Val>
      <Val> </Val>
      <Val>
        <e>Wierdijk 12-22</e>
      </Val>
    </Entity>
    <Entity uri="http://data.krw.d2s.labs.vu.nl/group15/resource/loc_4880602_52372704">
      <Val>
        <e>Radar Architecture &amp; Art</e>
      </Val>
      <Val> </Val>
      <Val>
        <e>Eerste Rozendwarsstraat 17</e>
      </Val>
    </Entity>
    <Entity uri="http://data.krw.d2s.labs.vu.nl/group15/resource/loc_48922220_523730560">
      <Val>
        <e>Stichting WG-Kunst</e>
      </Val>
      <Val> </Val>
      <Val>
        <e>M v Bouwdk Bastiaansestr 28</e>
      </Val>
    </Entity>
    <Entity uri="http://data.krw.d2s.labs.vu.nl/group15/resource/loc_48912970_523704150">
      <Val>
        <e></e>
        <e>Amsterdam Museum</e>
      </Val>
      <Val> </Val>
      <Val>
        <e>Kalverstraat 92</e>
      </Val>
    </Entity>
    <Entity uri="http://data.krw.d2s.labs.vu.nl/group15/resource/loc_48959600_523752180">
      <Val>
        <e>Beurs van Berlage</e>
      </Val>
      <Val> </Val>
      <Val>
        <e>Damrak 243</e>
      </Val>
    </Entity>
    <Entity uri="http://data.krw.d2s.labs.vu.nl/group15/resource/loc_48968620_523651810">
      <Val>
        <e></e>
        <e>Tassenmuseum Hendrikje</e>
      </Val>
      <Val> </Val>
      <Val>
        <e>Herengracht 573</e>
      </Val>
    </Entity>
    <Entity uri="http://data.krw.d2s.labs.vu.nl/group13/vocab/Event">
      <Val>
        <e>Event</e>
      </Val>
      <Val> </Val>
      <Val> </Val>
    </Entity>
    <Entity uri="http://data.krw.d2s.labs.vu.nl/group15/vocab/latitude">
      <Val>
        <e>latitude</e>
      </Val>
      <Val> </Val>
      <Val> </Val>
    </Entity>
    <Entity uri="http://data.krw.d2s.labs.vu.nl/group15/resource/loc_4903094_52383063">
      <Val>
        <e>Framer Framed</e>
      </Val>
      <Val> </Val>
      <Val>
        <e>IJpromenade 2</e>
      </Val>
    </Entity>
    <Entity uri="http://data.krw.d2s.labs.vu.nl/group15/resource/loc_48994870_523751050">
      <Val>
        <e>Museum Ons' Lieve Heer op Solder</e>
      </Val>
      <Val> </Val>
      <Val>
        <e>Oudezijds Voorburgwal 38</e>
      </Val>
    </Entity>
  </SourceEntities>
  <TargetEntities>
    <Entity uri="http://data.krw.d2s.labs.vu.nl/group6/findaslot/resource/Museum_Van_Loon">
      <Val>
        <e>Museum Van Loon</e>
      </Val>
      <Val>
        <e>Event</e>
      </Val>
      <Val> </Val>
    </Entity>
    <Entity uri="http://data.krw.d2s.labs.vu.nl/group6/findaslot/resource/Het_Scheepvaartmuseum_Amsterdam">
      <Val>
        <e>Het Scheepvaartmuseum Amsterdam</e>
      </Val>
      <Val>
        <e>Event</e>
        <e>Venue</e>
      </Val>
      <Val>
        <e>Kattenburgerplein 1</e>
      </Val>
    </Entity>
    <Entity uri="http://data.krw.d2s.labs.vu.nl/group6/findaslot/resource/Museum_Het_Schip_-_De_Amsterdamse_School">
      <Val>
        <e>Museum Het Schip - De Amsterdamse School</e>
      </Val>
      <Val>
        <e>Event</e>
      </Val>
      <Val> </Val>
    </Entity>
    <Entity uri="http://data.krw.d2s.labs.vu.nl/group6/findaslot/resource/Joods_Historisch_Museum">
      <Val>
        <e>Joods Historisch Museum</e>
      </Val>
      <Val>
        <e>Event</e>
      </Val>
      <Val> </Val>
    </Entity>
    <Entity uri="http://data.krw.d2s.labs.vu.nl/group6/findaslot/resource/Huis_Marseille_-_Museum_voor_Fotografie">
      <Val>
        <e>Huis Marseille - Museum voor Fotografie</e>
      </Val>
      <Val>
        <e>Event</e>
      </Val>
      <Val> </Val>
    </Entity>
    <Entity uri="http://data.krw.d2s.labs.vu.nl/group6/findaslot/resource/Bakkerij_Museum_Gecroonde_Duyvekater">
      <Val>
        <e>Bakkerij Museum Gecroonde Duyvekater</e>
      </Val>
      <Val>
        <e>Venue</e>
      </Val>
      <Val>
        <e>Zeilenmakerspad 4</e>
      </Val>
    </Entity>
    <Entity uri="http://data.krw.d2s.labs.vu.nl/group6/findaslot/resource/Stadsarchief_Amsterdam_-_De_Bazel">
      <Val>
        <e>Stadsarchief Amsterdam - De Bazel</e>
      </Val>
      <Val>
        <e>Event</e>
      </Val>
      <Val> </Val>
    </Entity>
    <Entity uri="http://data.krw.d2s.labs.vu.nl/group6/findaslot/resource/Schouwburg_Amstelveen">
      <Val>
        <e>Schouwburg Amstelveen</e>
      </Val>
      <Val>
        <e>Venue</e>
      </Val>
      <Val>
        <e>Stadsplein 100</e>
      </Val>
    </Entity>
    <Entity uri="http://data.krw.d2s.labs.vu.nl/group6/findaslot/resource/Hermitage_Amsterdam">
      <Val>
        <e>Hermitage Amsterdam</e>
      </Val>
      <Val>
        <e>Event</e>
        <e>Venue</e>
      </Val>
      <Val>
        <e>Amstel 51</e>
      </Val>
    </Entity>
    <Entity uri="http://data.krw.d2s.labs.vu.nl/group6/findaslot/resource/Wim_van_Krimpen">
      <Val>
        <e>Wim van Krimpen</e>
      </Val>
      <Val>
        <e>Event</e>
        <e>Venue</e>
      </Val>
      <Val>
        <e>Hazenstraat 20</e>
      </Val>
    </Entity>
    <Entity uri="http://data.krw.d2s.labs.vu.nl/group6/findaslot/resource/Nederlands_Persmuseum">
      <Val>
        <e>Nederlands Persmuseum</e>
      </Val>
      <Val>
        <e>Event</e>
      </Val>
      <Val> </Val>
    </Entity>
    <Entity uri="http://data.krw.d2s.labs.vu.nl/group6/findaslot/resource/Rijksakademie_van_beeldende_kunsten">
      <Val>
        <e>Rijksakademie van beeldende kunsten</e>
      </Val>
      <Val>
        <e>Event</e>
        <e>Venue</e>
      </Val>
      <Val>
        <e>Sarphatistraat 470</e>
      </Val>
    </Entity>
    <Entity uri="http://data.krw.d2s.labs.vu.nl/group6/findaslot/resource/Beeld_en_Geluid">
      <Val>
        <e>Beeld en Geluid</e>
      </Val>
      <Val>
        <e>Event</e>
        <e>Venue</e>
      </Val>
      <Val>
        <e>Media Parkboulevard 1</e>
      </Val>
    </Entity>
    <Entity uri="http://data.krw.d2s.labs.vu.nl/group6/findaslot/vocab/hasVenue">
      <Val>
        <e>event venue</e>
      </Val>
      <Val> </Val>
      <Val> </Val>
    </Entity>
    <Entity uri="http://data.krw.d2s.labs.vu.nl/group6/findaslot/resource/Foam_Editions">
      <Val>
        <e>Foam Editions</e>
      </Val>
      <Val>
        <e>Event</e>
        <e>Venue</e>
      </Val>
      <Val>
        <e>Vijzelstraat 78</e>
      </Val>
    </Entity>
    <Entity uri="http://data.krw.d2s.labs.vu.nl/group6/findaslot/resource/Zee-en_Havenmuseum">
      <Val>
        <e>Zee-en Havenmuseum</e>
      </Val>
      <Val>
        <e>Event</e>
        <e>Venue</e>
      </Val>
      <Val>
        <e>Havenkade 55</e>
      </Val>
    </Entity>
    <Entity uri="http://data.krw.d2s.labs.vu.nl/group6/findaslot/resource/Kunstuitleen_en_Galerie_Timeless">
      <Val>
        <e>Kunstuitleen en Galerie Timeless</e>
      </Val>
      <Val>
        <e>Event</e>
        <e>Venue</e>
      </Val>
      <Val>
        <e>Ondernemingsweg 45</e>
      </Val>
    </Entity>
    <Entity uri="http://data.krw.d2s.labs.vu.nl/group6/findaslot/resource/Galerie_Pien_Rademakers">
      <Val>
        <e>Galerie Pien Rademakers</e>
      </Val>
      <Val>
        <e>Event</e>
        <e>Venue</e>
      </Val>
      <Val>
        <e>KNSM-Laan 291</e>
      </Val>
    </Entity>
    <Entity uri="http://data.krw.d2s.labs.vu.nl/group6/findaslot/resource/Amsterdam_Pipe_Museum">
      <Val>
        <e>Amsterdam Pipe Museum</e>
      </Val>
      <Val>
        <e>Event</e>
        <e>Venue</e>
      </Val>
      <Val>
        <e>Prinsengracht 488</e>
      </Val>
    </Entity>
    <Entity uri="http://data.krw.d2s.labs.vu.nl/group6/findaslot/resource/Morren_Galleries">
      <Val>
        <e>Morren Galleries</e>
      </Val>
      <Val>
        <e>Event</e>
        <e>Venue</e>
      </Val>
      <Val>
        <e>Prinsengracht 572</e>
      </Val>
    </Entity>
    <Entity uri="http://data.krw.d2s.labs.vu.nl/group6/findaslot/resource/Museum_Zaanse_Tijd">
      <Val>
        <e>Museum Zaanse Tijd</e>
      </Val>
      <Val>
        <e>Event</e>
        <e>Venue</e>
      </Val>
      <Val>
        <e>Kalverringdijk 3</e>
      </Val>
    </Entity>
    <Entity uri="http://data.krw.d2s.labs.vu.nl/group6/findaslot/resource/Red_Light_Secrets">
      <Val>
        <e>Red Light Secrets</e>
      </Val>
      <Val>
        <e>Event</e>
        <e>Venue</e>
      </Val>
      <Val>
        <e>Oudezijds Achterburgwal 60H</e>
      </Val>
    </Entity>
    <Entity uri="http://data.krw.d2s.labs.vu.nl/group6/findaslot/resource/Galerie_Sous_Terre">
      <Val>
        <e>Galerie Sous Terre</e>
      </Val>
      <Val>
        <e>Venue</e>
      </Val>
      <Val>
        <e>Kudelstaartseweg 1</e>
      </Val>
    </Entity>
    <Entity uri="http://data.krw.d2s.labs.vu.nl/group6/findaslot/resource/Beurs_van_Berlage">
      <Val>
        <e>Beurs van Berlage</e>
      </Val>
      <Val>
        <e>Event</e>
        <e>Venue</e>
      </Val>
      <Val>
        <e>Damrak 243</e>
      </Val>
    </Entity>
    <Entity uri="http://data.krw.d2s.labs.vu.nl/group6/findaslot/resource/Czaar_Peterhuisje">
      <Val>
        <e>Czaar Peterhuisje</e>
      </Val>
      <Val>
        <e>Event</e>
        <e>Venue</e>
      </Val>
      <Val>
        <e>Krimp 23</e>
      </Val>
    </Entity>
    <Entity uri="http://dbpedia.org/ontology/address">
      <Val>
        <e>address</e>
      </Val>
      <Val> </Val>
      <Val> </Val>
    </Entity>
    <Entity uri="http://data.krw.d2s.labs.vu.nl/group6/findaslot/resource/Rembrandthuis">
      <Val>
        <e>Rembrandthuis</e>
      </Val>
      <Val>
        <e>Event</e>
        <e>Venue</e>
      </Val>
      <Val>
        <e>Jodenbreestraat 4</e>
      </Val>
    </Entity>
    <Entity uri="http://data.krw.d2s.labs.vu.nl/group6/findaslot/resource/Nederlands_Uitvaart_Museum_Tot_Zover">
      <Val>
        <e>Nederlands Uitvaart Museum Tot Zover</e>
      </Val>
      <Val>
        <e>Event</e>
        <e>Venue</e>
      </Val>
      <Val>
        <e>Kruislaan 124</e>
      </Val>
    </Entity>
    <Entity uri="http://data.krw.d2s.labs.vu.nl/group6/findaslot/resource/Volendams_Museum">
      <Val>
        <e>Volendams Museum</e>
      </Val>
      <Val>
        <e>Event</e>
        <e>Venue</e>
      </Val>
      <Val>
        <e>Zeestraat 41</e>
      </Val>
    </Entity>
    <Entity uri="http://data.krw.d2s.labs.vu.nl/group6/findaslot/resource/Escher_in_het_Paleis">
      <Val>
        <e>Escher in het Paleis</e>
      </Val>
      <Val>
        <e>Event</e>
        <e>Venue</e>
      </Val>
      <Val>
        <e>Lange Voorhout 74</e>
      </Val>
    </Entity>
    <Entity uri="http://data.krw.d2s.labs.vu.nl/group6/findaslot/resource/Museum_Waterland">
      <Val>
        <e>Museum Waterland</e>
      </Val>
      <Val>
        <e>Venue</e>
      </Val>
      <Val>
        <e>Kaasmarkt 16</e>
      </Val>
    </Entity>
    <Entity uri="http://data.krw.d2s.labs.vu.nl/group6/findaslot/resource/w139">
      <Val>
        <e>w139</e>
      </Val>
      <Val>
        <e>Event</e>
      </Val>
      <Val> </Val>
    </Entity>
    <Entity uri="http://data.krw.d2s.labs.vu.nl/group6/findaslot/resource/Bataviawerf_Lelystad">
      <Val>
        <e>Bataviawerf Lelystad</e>
      </Val>
      <Val>
        <e>Event</e>
        <e>Venue</e>
      </Val>
      <Val>
        <e>Oostvaardersdijk 1-9</e>
      </Val>
    </Entity>
    <Entity uri="http://data.krw.d2s.labs.vu.nl/group6/findaslot/resource/Amsterdam_Museum">
      <Val>
        <e>Amsterdam Museum</e>
      </Val>
      <Val>
        <e>Event</e>
        <e>Venue</e>
      </Val>
      <Val>
        <e>Kalverstraat 92</e>
      </Val>
    </Entity>
    <Entity uri="http://data.krw.d2s.labs.vu.nl/group6/findaslot/resource/Zaans_Museum_en_Verkade_Paviljoen">
      <Val>
        <e>Zaans Museum en Verkade Paviljoen</e>
      </Val>
      <Val>
        <e>Event</e>
        <e>Venue</e>
      </Val>
      <Val>
        <e>Schansend 7</e>
      </Val>
    </Entity>
    <Entity uri="http://data.krw.d2s.labs.vu.nl/group6/findaslot/resource/Dutch_Accent">
      <Val>
        <e>Dutch Accent</e>
      </Val>
      <Val>
        <e>Event</e>
        <e>Venue</e>
      </Val>
      <Val>
        <e>Berenstraat 41</e>
      </Val>
    </Entity>
    <Entity uri="http://data.krw.d2s.labs.vu.nl/group6/findaslot/vocab/media">
      <Val>
        <e>media</e>
      </Val>
      <Val> </Val>
      <Val> </Val>
    </Entity>
    <Entity uri="http://data.krw.d2s.labs.vu.nl/group6/findaslot/resource/Ripley's_Believe_it_or_Not">
      <Val>
        <e>Ripley's Believe it or Not</e>
      </Val>
      <Val>
        <e>Event</e>
        <e>Venue</e>
      </Val>
      <Val>
        <e>Dam 21</e>
      </Val>
    </Entity>
    <Entity uri="http://data.krw.d2s.labs.vu.nl/group6/findaslot/resource/KochxBos">
      <Val>
        <e>KochxBos</e>
      </Val>
      <Val>
        <e>Event</e>
        <e>Venue</e>
      </Val>
      <Val>
        <e>Eerste Anjeliersdwarsstraat 36</e>
      </Val>
    </Entity>
    <Entity uri="http://data.krw.d2s.labs.vu.nl/group6/findaslot/resource/Amsterdam/Diverse_locaties_/_various_locations">
      <Val>
        <e>Diverse locaties / various locations</e>
      </Val>
      <Val>
        <e>Location</e>
      </Val>
      <Val> </Val>
    </Entity>
    <Entity uri="http://data.krw.d2s.labs.vu.nl/group6/findaslot/resource/Purmerends_Museum">
      <Val>
        <e>Purmerends Museum</e>
      </Val>
      <Val>
        <e>Event</e>
        <e>Venue</e>
      </Val>
      <Val>
        <e>Kaasmarkt 20</e>
      </Val>
    </Entity>
    <Entity uri="http://data.krw.d2s.labs.vu.nl/group6/findaslot/resource/EYE_Filmmuseum">
      <Val>
        <e>EYE Filmmuseum</e>
      </Val>
      <Val>
        <e>Event</e>
        <e>Venue</e>
      </Val>
      <Val>
        <e>IJpromenade 1</e>
      </Val>
    </Entity>
    <Entity uri="http://data.krw.d2s.labs.vu.nl/group6/findaslot/resource/de_Glaswerkplaats">
      <Val>
        <e>de Glaswerkplaats</e>
      </Val>
      <Val>
        <e>Event</e>
        <e>Venue</e>
      </Val>
      <Val>
        <e>Berenstraat 41</e>
      </Val>
    </Entity>
    <Entity uri="http://data.krw.d2s.labs.vu.nl/group6/findaslot/resource/Museum_Jan_van_der_Togt">
      <Val>
        <e>Museum Jan van der Togt</e>
      </Val>
      <Val>
        <e>Event</e>
      </Val>
      <Val> </Val>
    </Entity>
    <Entity uri="http://data.krw.d2s.labs.vu.nl/group6/findaslot/resource/Foam_Fotografiemuseum_Amsterdam">
      <Val>
        <e>Foam Fotografiemuseum Amsterdam</e>
      </Val>
      <Val>
        <e>Event</e>
        <e>Venue</e>
      </Val>
      <Val>
        <e>Keizersgracht 609</e>
      </Val>
    </Entity>
    <Entity uri="http://data.krw.d2s.labs.vu.nl/group6/findaslot/resource/Annet_Gelink_Gallery">
      <Val>
        <e>Annet Gelink Gallery</e>
      </Val>
      <Val>
        <e>Event</e>
        <e>Venue</e>
      </Val>
      <Val>
        <e>Laurierstraat 187-189</e>
      </Val>
    </Entity>
    <Entity uri="http://data.krw.d2s.labs.vu.nl/group6/findaslot/resource/Tropenmuseum">
      <Val>
        <e>Tropenmuseum</e>
      </Val>
      <Val>
        <e>Event</e>
      </Val>
      <Val> </Val>
    </Entity>
    <Entity uri="http://data.krw.d2s.labs.vu.nl/group6/findaslot/resource/Palingrokerij_Smit_Bokkum">
      <Val>
        <e>Palingrokerij Smit Bokkum</e>
      </Val>
      <Val>
        <e>Event</e>
        <e>Venue</e>
      </Val>
      <Val>
        <e>Slobbeland 19</e>
      </Val>
    </Entity>
    <Entity uri="http://data.krw.d2s.labs.vu.nl/group6/findaslot/resource/Eduard_Planting_Galerie">
      <Val>
        <e>Eduard Planting Galerie</e>
      </Val>
      <Val>
        <e>Event</e>
        <e>Venue</e>
      </Val>
      <Val>
        <e>Eerste Bloemdwarsstraat 2</e>
      </Val>
    </Entity>
    <Entity uri="http://data.krw.d2s.labs.vu.nl/group6/findaslot/resource/Zaanse_Schans">
      <Val>
        <e>Zaanse Schans</e>
      </Val>
      <Val>
        <e>Event</e>
        <e>Venue</e>
      </Val>
      <Val>
        <e>Schansend 7</e>
      </Val>
    </Entity>
    <Entity uri="http://data.krw.d2s.labs.vu.nl/group6/findaslot/resource/Museum_Ons'_Lieve_Heer_op_Solder">
      <Val>
        <e>Museum Ons' Lieve Heer op Solder</e>
      </Val>
      <Val>
        <e>Event</e>
        <e>Venue</e>
      </Val>
      <Val>
        <e>Oudezijds Voorburgwal 38</e>
      </Val>
    </Entity>
    <Entity uri="http://www.w3.org/2003/01/geo/wgs84_pos#lat">
      <Val>
        <e>latitude</e>
      </Val>
      <Val> </Val>
      <Val> </Val>
    </Entity>
    <Entity uri="http://data.krw.d2s.labs.vu.nl/group6/findaslot/resource/Honig_Breethuis">
      <Val>
        <e>Honig Breethuis</e>
      </Val>
      <Val>
        <e>Event</e>
        <e>Venue</e>
      </Val>
      <Val>
        <e>Lagedijk 80</e>
      </Val>
    </Entity>
    <Entity uri="http://data.krw.d2s.labs.vu.nl/group6/findaslot/resource/Maatschappij_Arti_et_Amicitiae">
      <Val>
        <e>Maatschappij Arti et Amicitiae</e>
      </Val>
      <Val>
        <e>Event</e>
        <e>Venue</e>
      </Val>
      <Val>
        <e>Rokin 112</e>
      </Val>
    </Entity>
    <Entity uri="http://data.krw.d2s.labs.vu.nl/group6/findaslot/resource/De_Appel_arts_centre">
      <Val>
        <e>De Appel arts centre</e>
      </Val>
      <Val>
        <e>Event</e>
        <e>Venue</e>
      </Val>
      <Val>
        <e>Prins Hendrikkade 142</e>
      </Val>
    </Entity>
    <Entity uri="http://data.krw.d2s.labs.vu.nl/group6/findaslot/resource/Van_Zoetendaal_Photography">
      <Val>
        <e>Van Zoetendaal Photography</e>
      </Val>
      <Val>
        <e>Event</e>
        <e>Venue</e>
      </Val>
      <Val>
        <e>Oudeschans 67F</e>
      </Val>
    </Entity>
    <Entity uri="http://data.krw.d2s.labs.vu.nl/group6/findaslot/resource/Galerie_Mokum">
      <Val>
        <e>Galerie Mokum</e>
      </Val>
      <Val>
        <e>Event</e>
        <e>Venue</e>
      </Val>
      <Val>
        <e>Oudezijds Voorburgwal 334</e>
      </Val>
    </Entity>
    <Entity uri="http://data.krw.d2s.labs.vu.nl/group6/findaslot/resource/Museum_Amsterdam_Noord">
      <Val>
        <e>Museum Amsterdam Noord</e>
      </Val>
      <Val>
        <e>Event</e>
      </Val>
      <Val> </Val>
    </Entity>
    <Entity uri="http://data.krw.d2s.labs.vu.nl/group6/findaslot/resource/Museum_De_Zwarte_Tulp">
      <Val>
        <e>Museum De Zwarte Tulp</e>
      </Val>
      <Val>
        <e>Event</e>
        <e>Venue</e>
      </Val>
      <Val>
        <e>Heereweg 219</e>
      </Val>
    </Entity>
    <Entity uri="http://data.krw.d2s.labs.vu.nl/group6/findaslot/resource/Westergasfabriek">
      <Val>
        <e>Westergasfabriek</e>
      </Val>
      <Val>
        <e>Venue</e>
      </Val>
      <Val>
        <e>Polonceaukade 27</e>
      </Val>
    </Entity>
    <Entity uri="http://data.krw.d2s.labs.vu.nl/group6/findaslot/resource/Het_Zuiderzeemuseum">
      <Val>
        <e>Het Zuiderzeemuseum</e>
      </Val>
      <Val>
        <e>Event</e>
        <e>Venue</e>
      </Val>
      <Val>
        <e>Wierdijk 12-22</e>
      </Val>
    </Entity>
    <Entity uri="http://data.krw.d2s.labs.vu.nl/group6/findaslot/resource/Rijksmuseum">
      <Val>
        <e>Rijksmuseum</e>
      </Val>
      <Val>
        <e>Event</e>
        <e>Venue</e>
      </Val>
      <Val>
        <e>Museumstraat 1</e>
      </Val>
    </Entity>
    <Entity uri="http://data.krw.d2s.labs.vu.nl/group6/findaslot/resource/Ateliers_Westerdok">
      <Val>
        <e>Ateliers Westerdok</e>
      </Val>
      <Val>
        <e>Event</e>
        <e>Venue</e>
      </Val>
      <Val>
        <e>Westerdok 318</e>
      </Val>
    </Entity>
    <Entity uri="http://data.krw.d2s.labs.vu.nl/group6/findaslot/resource/Outsider_Art_Museum">
      <Val>
        <e>Outsider Art Museum</e>
      </Val>
      <Val>
        <e>Event</e>
        <e>Venue</e>
      </Val>
      <Val>
        <e>Amstel 51</e>
      </Val>
    </Entity>
    <Entity uri="http://www.w3.org/2003/01/geo/wgs84_pos#long">
      <Val>
        <e>longitude</e>
      </Val>
      <Val> </Val>
      <Val> </Val>
    </Entity>
    <Entity uri="http://data.krw.d2s.labs.vu.nl/group6/findaslot/resource/Amsterdam_Tulip_Museum">
      <Val>
        <e>Amsterdam Tulip Museum</e>
      </Val>
      <Val>
        <e>Event</e>
        <e>Venue</e>
      </Val>
      <Val>
        <e>Prinsengracht 116</e>
      </Val>
    </Entity>
    <Entity uri="http://data.krw.d2s.labs.vu.nl/group6/findaslot/vocab/Event">
      <Val>
        <e>Event</e>
      </Val>
      <Val> </Val>
      <Val> </Val>
    </Entity>
    <Entity uri="http://dbpedia.org/ontology/city">
      <Val>
        <e>city</e>
      </Val>
      <Val> </Val>
      <Val> </Val>
    </Entity>
    <Entity uri="http://data.krw.d2s.labs.vu.nl/group6/findaslot/resource/Molenmuseum">
      <Val>
        <e>Molenmuseum</e>
      </Val>
      <Val>
        <e>Event</e>
        <e>Venue</e>
      </Val>
      <Val>
        <e>Museumlaan 18</e>
      </Val>
    </Entity>
    <Entity uri="http://data.krw.d2s.labs.vu.nl/group6/findaslot/resource/Het_Spoorwegmuseum_Utrecht">
      <Val>
        <e>Het Spoorwegmuseum Utrecht</e>
      </Val>
      <Val>
        <e>Event</e>
        <e>Venue</e>
      </Val>
      <Val>
        <e>Hugo de Grootstraat 16</e>
      </Val>
    </Entity>
    <Entity uri="http://data.krw.d2s.labs.vu.nl/group6/findaslot/resource/Amsterdam_Tattoo_Museum">
      <Val>
        <e>Amsterdam Tattoo Museum</e>
      </Val>
      <Val>
        <e>Event</e>
        <e>Venue</e>
      </Val>
      <Val>
        <e>Van Woustraat 78HS</e>
      </Val>
    </Entity>
    <Entity uri="http://data.krw.d2s.labs.vu.nl/group6/findaslot/resource/Pieter_Vermeulen_Museum">
      <Val>
        <e>Pieter Vermeulen Museum</e>
      </Val>
      <Val>
        <e>Event</e>
        <e>Venue</e>
      </Val>
      <Val>
        <e>Driehuizerkerkweg 34d</e>
      </Val>
    </Entity>
    <Entity uri="http://data.krw.d2s.labs.vu.nl/group6/findaslot/resource/Tassenmuseum_Hendrikje">
      <Val>
        <e>Tassenmuseum Hendrikje</e>
      </Val>
      <Val>
        <e>Event</e>
      </Val>
      <Val> </Val>
    </Entity>
    <Entity uri="http://data.krw.d2s.labs.vu.nl/group6/findaslot/resource/Cromhouthuis">
      <Val>
        <e>Cromhouthuis</e>
      </Val>
      <Val>
        <e>Event</e>
        <e>Venue</e>
      </Val>
      <Val>
        <e>Herengracht 366-368</e>
      </Val>
    </Entity>
    <Entity uri="http://data.krw.d2s.labs.vu.nl/group6/findaslot/resource/Allard_Pierson_Museum">
      <Val>
        <e>Allard Pierson Museum</e>
      </Val>
      <Val>
        <e>Event</e>
      </Val>
      <Val> </Val>
    </Entity>
    <Entity uri="http://data.krw.d2s.labs.vu.nl/group6/findaslot/resource/Bijbels_Museum">
      <Val>
        <e>Bijbels Museum</e>
      </Val>
      <Val>
        <e>Event</e>
        <e>Venue</e>
      </Val>
      <Val>
        <e>Herengracht 366-368</e>
      </Val>
    </Entity>
    <Entity uri="http://data.krw.d2s.labs.vu.nl/group6/findaslot/resource/Radar_Architecture_&amp;_Art">
      <Val>
        <e>Radar Architecture &amp; Art</e>
      </Val>
      <Val>
        <e>Event</e>
        <e>Venue</e>
      </Val>
      <Val>
        <e>Eerste Rozendwarsstraat 17</e>
      </Val>
    </Entity>
    <Entity uri="http://data.krw.d2s.labs.vu.nl/group6/findaslot/resource/P//////AKT_Project_Space">
      <Val>
        <e>P//////AKT Project Space</e>
      </Val>
      <Val>
        <e>Event</e>
        <e>Venue</e>
      </Val>
      <Val>
        <e>Zeeburgerpad 53</e>
      </Val>
    </Entity>
    <Entity uri="http://data.krw.d2s.labs.vu.nl/group6/findaslot/resource/Anadolu_3-D_Holography">
      <Val>
        <e>Anadolu 3-D Holography</e>
      </Val>
      <Val>
        <e>Event</e>
        <e>Venue</e>
      </Val>
      <Val>
        <e>Oude Hoogstraat 15</e>
      </Val>
    </Entity>
    <Entity uri="http://data.krw.d2s.labs.vu.nl/group6/findaslot/resource/W139">
      <Val>
        <e>W139</e>
      </Val>
      <Val>
        <e>Venue</e>
      </Val>
      <Val>
        <e>Warmoesstraat 139</e>
      </Val>
    </Entity>
    <Entity uri="http://data.krw.d2s.labs.vu.nl/group6/findaslot/resource/De_Portretwinkel">
      <Val>
        <e>De Portretwinkel</e>
      </Val>
      <Val>
        <e>Event</e>
        <e>Venue</e>
      </Val>
      <Val>
        <e>Prinsengracht 572</e>
      </Val>
    </Entity>
    <Entity uri="http://data.krw.d2s.labs.vu.nl/group6/findaslot/resource/Verzetsmuseum_Amsterdam">
      <Val>
        <e>Verzetsmuseum Amsterdam</e>
      </Val>
      <Val>
        <e>Event</e>
        <e>Venue</e>
      </Val>
      <Val>
        <e>Plantage Kerklaan 61</e>
      </Val>
    </Entity>
    <Entity uri="http://data.krw.d2s.labs.vu.nl/group6/findaslot/vocab/Museum">
      <Val>
        <e>Museum</e>
      </Val>
      <Val> </Val>
      <Val> </Val>
    </Entity>
    <Entity uri="http://data.krw.d2s.labs.vu.nl/group6/findaslot/resource/Lieve_Hemel">
      <Val>
        <e>Lieve Hemel</e>
      </Val>
      <Val>
        <e>Event</e>
        <e>Venue</e>
      </Val>
      <Val>
        <e>Nieuwe Spiegelstraat 3</e>
      </Val>
    </Entity>
    <Entity uri="http://data.krw.d2s.labs.vu.nl/group6/findaslot/resource/Stedelijk_Museum">
      <Val>
        <e>Stedelijk Museum</e>
      </Val>
      <Val>
        <e>Event</e>
      </Val>
      <Val> </Val>
    </Entity>
    <Entity uri="http://data.krw.d2s.labs.vu.nl/group6/findaslot/resource/Science_Center_NEMO">
      <Val>
        <e>Science Center NEMO</e>
      </Val>
      <Val>
        <e>Event</e>
        <e>Venue</e>
      </Val>
      <Val>
        <e>Oosterdok 2</e>
      </Val>
    </Entity>
    <Entity uri="http://data.krw.d2s.labs.vu.nl/group6/findaslot/resource/Stichting_WG-Kunst">
      <Val>
        <e>Stichting WG-Kunst</e>
      </Val>
      <Val>
        <e>Event</e>
        <e>Venue</e>
      </Val>
      <Val>
        <e>M v Bouwdk Bastiaansestr 28</e>
      </Val>
    </Entity>
    <Entity uri="http://data.krw.d2s.labs.vu.nl/group6/findaslot/resource/Museum_of_Medieval_Torture_Instruments">
      <Val>
        <e>Museum of Medieval Torture Instruments</e>
      </Val>
      <Val>
        <e>Event</e>
        <e>Venue</e>
      </Val>
      <Val>
        <e>Damrak 33</e>
      </Val>
    </Entity>
    <Entity uri="http://data.krw.d2s.labs.vu.nl/group6/findaslot/resource/Houseboat_Museum">
      <Val>
        <e>Houseboat Museum</e>
      </Val>
      <Val>
        <e>Venue</e>
      </Val>
      <Val>
        <e>Prinsengracht 296K</e>
      </Val>
    </Entity>
    <Entity uri="http://data.krw.d2s.labs.vu.nl/group6/findaslot/resource/Bunkermuseum_IJmuiden">
      <Val>
        <e>Bunkermuseum IJmuiden</e>
      </Val>
      <Val>
        <e>Venue</e>
      </Val>
      <Val>
        <e>Badweg 38</e>
      </Val>
    </Entity>
    <Entity uri="http://data.krw.d2s.labs.vu.nl/group6/findaslot/resource/Framer_Framed">
      <Val>
        <e>Framer Framed</e>
      </Val>
      <Val>
        <e>Event</e>
        <e>Venue</e>
      </Val>
      <Val>
        <e>IJpromenade 2</e>
      </Val>
    </Entity>
    <Entity uri="http://data.krw.d2s.labs.vu.nl/group6/findaslot/resource/De_Nieuwe_Kerk_Amsterdam">
      <Val>
        <e>De Nieuwe Kerk Amsterdam</e>
      </Val>
      <Val>
        <e>Event</e>
        <e>Venue</e>
      </Val>
      <Val>
        <e>Dam</e>
      </Val>
    </Entity>
    <Entity uri="http://data.krw.d2s.labs.vu.nl/group6/findaslot/resource/Fons_Welters">
      <Val>
        <e>Fons Welters</e>
      </Val>
      <Val>
        <e>Event</e>
        <e>Venue</e>
      </Val>
      <Val>
        <e>Bloemstraat 140</e>
      </Val>
    </Entity>
    <Entity uri="http://data.krw.d2s.labs.vu.nl/group6/findaslot/resource/Museumwinkel_Albert_Heijn">
      <Val>
        <e>Museumwinkel Albert Heijn</e>
      </Val>
      <Val>
        <e>Event</e>
        <e>Venue</e>
      </Val>
      <Val>
        <e>Kalverringdijk 5</e>
      </Val>
    </Entity>
    <Entity uri="http://data.krw.d2s.labs.vu.nl/group6/findaslot/resource/De_Brakke_Grond">
      <Val>
        <e>De Brakke Grond</e>
      </Val>
      <Val>
        <e>Venue</e>
      </Val>
      <Val>
        <e>Nes 45</e>
      </Val>
    </Entity>
    <Entity uri="http://data.krw.d2s.labs.vu.nl/group6/findaslot/resource/Atelier_Gerard_van_Hulzen">
      <Val>
        <e>Atelier Gerard van Hulzen</e>
      </Val>
      <Val>
        <e>Event</e>
        <e>Venue</e>
      </Val>
      <Val>
        <e>Grevelingen 62-64</e>
      </Val>
    </Entity>
    <Entity uri="http://data.krw.d2s.labs.vu.nl/group6/findaslot/resource/CBK_Zuidoost">
      <Val>
        <e>CBK Zuidoost</e>
      </Val>
      <Val>
        <e>Event</e>
        <e>Venue</e>
      </Val>
      <Val>
        <e>Anton de Komplein 120</e>
      </Val>
    </Entity>
    <Entity uri="http://data.krw.d2s.labs.vu.nl/group6/findaslot/resource/Gemeentemuseum_Den_Haag">
      <Val>
        <e>Gemeentemuseum Den Haag</e>
      </Val>
      <Val>
        <e>Event</e>
        <e>Venue</e>
      </Val>
      <Val>
        <e>Stadhouderslaan 41</e>
      </Val>
    </Entity>
    <Entity uri="http://data.krw.d2s.labs.vu.nl/group6/findaslot/resource/Van_Gogh_Museum">
      <Val>
        <e>Van Gogh Museum</e>
      </Val>
      <Val>
        <e>Event</e>
        <e>Venue</e>
      </Val>
      <Val>
        <e>Museumplein 6</e>
      </Val>
    </Entity>
    <Entity uri="http://data.krw.d2s.labs.vu.nl/group6/findaslot/resource/New_Art_space_Amsterdam">
      <Val>
        <e>New Art space Amsterdam</e>
      </Val>
      <Val>
        <e>Event</e>
        <e>Venue</e>
      </Val>
      <Val>
        <e>Arie Biemondstraat 101</e>
      </Val>
    </Entity>
    <Entity uri="http://data.krw.d2s.labs.vu.nl/group6/findaslot/resource/Ford_Museum_den_Hartogh">
      <Val>
        <e>Ford Museum den Hartogh</e>
      </Val>
      <Val>
        <e>Event</e>
        <e>Venue</e>
      </Val>
      <Val>
        <e>Haarlemmerstraat 36</e>
      </Val>
    </Entity>
    <Entity uri="http://data.krw.d2s.labs.vu.nl/group6/findaslot/resource/Compagnietheater">
      <Val>
        <e>Compagnietheater</e>
      </Val>
      <Val>
        <e>Venue</e>
      </Val>
      <Val>
        <e>Kloveniersburgwal 50</e>
      </Val>
    </Entity>
    <Entity uri="http://data.krw.d2s.labs.vu.nl/group6/findaslot/resource/Aviodrome">
      <Val>
        <e>Aviodrome</e>
      </Val>
      <Val>
        <e>Event</e>
        <e>Venue</e>
      </Val>
      <Val>
        <e>Pelikaanweg 50</e>
      </Val>
    </Entity>
    <Entity uri="http://data.krw.d2s.labs.vu.nl/group6/findaslot/resource/5&amp;33_Kunstgalerij">
      <Val>
        <e>5&amp;33 Kunstgalerij</e>
      </Val>
      <Val>
        <e>Event</e>
        <e>Venue</e>
      </Val>
      <Val>
        <e>Martelaarsgracht</e>
      </Val>
    </Entity>
    <Entity uri="http://data.krw.d2s.labs.vu.nl/group6/findaslot/vocab/url">
      <Val>
        <e>url</e>
      </Val>
      <Val> </Val>
      <Val> </Val>
    </Entity>
    <Entity uri="http://data.krw.d2s.labs.vu.nl/group6/findaslot/vocab/Location">
      <Val>
        <e>Location</e>
      </Val>
      <Val> </Val>
      <Val> </Val>
    </Entity>
  </TargetEntities>
  <PositiveLinks>
    <LinkCandidate>
      <Source>http://data.krw.d2s.labs.vu.nl/group15/resource/loc_4573459_52455646</Source>
      <Target>http://data.krw.d2s.labs.vu.nl/group6/findaslot/resource/Bunkermuseum_IJmuiden</Target>
      None
      None
    </LinkCandidate>
    <LinkCandidate>
      <Source>http://data.krw.d2s.labs.vu.nl/group15/resource/loc_49063310_523733530</Source>
      <Target>http://data.krw.d2s.labs.vu.nl/group6/findaslot/resource/De_Appel_arts_centre</Target>
      None
      None
    </LinkCandidate>
    <LinkCandidate>
      <Source>http://data.krw.d2s.labs.vu.nl/group15/resource/loc_43141620_520834100</Source>
      <Target>http://data.krw.d2s.labs.vu.nl/group6/findaslot/resource/Escher_in_het_Paleis</Target>
      Some(&lt;Confidence&gt;0.0&lt;/Confidence&gt;)
      None
    </LinkCandidate>
    <LinkCandidate>
      <Source>http://data.krw.d2s.labs.vu.nl/group15/resource/loc_4896620_52375899</Source>
      <Target>http://data.krw.d2s.labs.vu.nl/group6/findaslot/resource/Museum_of_Medieval_Torture_Instruments</Target>
      None
      None
    </LinkCandidate>
    <LinkCandidate>
      <Source>http://data.krw.d2s.labs.vu.nl/group15/resource/loc_49388260_523670730</Source>
      <Target>http://data.krw.d2s.labs.vu.nl/group6/findaslot/resource/P//////AKT_Project_Space</Target>
      None
      None
    </LinkCandidate>
    <LinkCandidate>
      <Source>http://data.krw.d2s.labs.vu.nl/group15/resource/loc_48937150_523723730</Source>
      <Target>http://data.krw.d2s.labs.vu.nl/group6/findaslot/resource/Ripley's_Believe_it_or_Not</Target>
      None
      None
    </LinkCandidate>
    <LinkCandidate>
      <Source>http://data.krw.d2s.labs.vu.nl/group15/resource/loc_4891803_52362614</Source>
      <Target>http://data.krw.d2s.labs.vu.nl/group6/findaslot/resource/Foam_Editions</Target>
      None
      None
    </LinkCandidate>
    <LinkCandidate>
      <Source>http://data.krw.d2s.labs.vu.nl/group15/vocab/address</Source>
      <Target>http://dbpedia.org/ontology/address</Target>
      Some(&lt;Confidence&gt;0.0&lt;/Confidence&gt;)
      None
    </LinkCandidate>
    <LinkCandidate>
      <Source>http://data.krw.d2s.labs.vu.nl/group15/resource/loc_48932940_523639570</Source>
      <Target>http://data.krw.d2s.labs.vu.nl/group6/findaslot/resource/Foam_Fotografiemuseum_Amsterdam</Target>
      None
      None
    </LinkCandidate>
    <LinkCandidate>
      <Source>http://data.krw.d2s.labs.vu.nl/group15/vocab/location</Source>
      <Target>http://data.krw.d2s.labs.vu.nl/group6/findaslot/vocab/Location</Target>
      Some(&lt;Confidence&gt;0.0&lt;/Confidence&gt;)
      None
    </LinkCandidate>
    <LinkCandidate>
      <Source>http://schema.org/Museum</Source>
      <Target>http://data.krw.d2s.labs.vu.nl/group6/findaslot/vocab/Museum</Target>
      Some(&lt;Confidence&gt;0.0&lt;/Confidence&gt;)
      None
    </LinkCandidate>
    <LinkCandidate>
      <Source>http://data.krw.d2s.labs.vu.nl/group15/resource/loc_4890257_52365210</Source>
      <Target>http://data.krw.d2s.labs.vu.nl/group6/findaslot/resource/Lieve_Hemel</Target>
      None
      None
    </LinkCandidate>
    <LinkCandidate>
      <Source>http://data.krw.d2s.labs.vu.nl/group15/resource/loc_48848400_523596920</Source>
      <Target>http://data.krw.d2s.labs.vu.nl/group6/findaslot/resource/Rijksmuseum</Target>
      None
      None
    </LinkCandidate>
    <LinkCandidate>
      <Source>http://data.krw.d2s.labs.vu.nl/group15/resource/loc_4886356_52368534</Source>
      <Target>http://data.krw.d2s.labs.vu.nl/group6/findaslot/resource/Bijbels_Museum</Target>
      None
      None
    </LinkCandidate>
    <LinkCandidate>
      <Source>http://data.krw.d2s.labs.vu.nl/group15/resource/loc_48900800_523731270</Source>
      <Target>http://data.krw.d2s.labs.vu.nl/group6/findaslot/resource/De_Nieuwe_Kerk_Amsterdam</Target>
      None
      None
    </LinkCandidate>
    <LinkCandidate>
      <Source>http://data.krw.d2s.labs.vu.nl/group15/resource/loc_45986280_524574120</Source>
      <Target>http://data.krw.d2s.labs.vu.nl/group6/findaslot/resource/Zee-en_Havenmuseum</Target>
      None
      None
    </LinkCandidate>
    <LinkCandidate>
      <Source>http://data.krw.d2s.labs.vu.nl/group15/resource/loc_4867388_52363563</Source>
      <Target>http://data.krw.d2s.labs.vu.nl/group6/findaslot/resource/New_Art_space_Amsterdam</Target>
      None
      None
    </LinkCandidate>
    <LinkCandidate>
      <Source>http://data.krw.d2s.labs.vu.nl/group15/resource/loc_54379380_525238260</Source>
      <Target>http://data.krw.d2s.labs.vu.nl/group6/findaslot/resource/Bataviawerf_Lelystad</Target>
      None
      None
    </LinkCandidate>
    <LinkCandidate>
      <Source>http://data.krw.d2s.labs.vu.nl/group15/resource/loc_51303840_520870510</Source>
      <Target>http://data.krw.d2s.labs.vu.nl/group6/findaslot/resource/Het_Spoorwegmuseum_Utrecht</Target>
      None
      None
    </LinkCandidate>
    <LinkCandidate>
      <Source>http://data.krw.d2s.labs.vu.nl/group13/vocab/Event</Source>
      <Target>http://data.krw.d2s.labs.vu.nl/group6/findaslot/vocab/Event</Target>
      Some(&lt;Confidence&gt;0.0&lt;/Confidence&gt;)
      None
    </LinkCandidate>
    <LinkCandidate>
      <Source>http://data.krw.d2s.labs.vu.nl/group15/resource/loc_49164250_523707700</Source>
      <Target>http://data.krw.d2s.labs.vu.nl/group6/findaslot/resource/Het_Scheepvaartmuseum_Amsterdam</Target>
      None
      None
    </LinkCandidate>
    <LinkCandidate>
      <Source>http://data.krw.d2s.labs.vu.nl/group15/resource/loc_49393480_523771770</Source>
      <Target>http://data.krw.d2s.labs.vu.nl/group6/findaslot/resource/Galerie_Pien_Rademakers</Target>
      None
      None
    </LinkCandidate>
    <LinkCandidate>
      <Source>http://data.krw.d2s.labs.vu.nl/group15/resource/loc_48933720_523634770</Source>
      <Target>http://data.krw.d2s.labs.vu.nl/group6/findaslot/resource/Museum_Van_Loon</Target>
      None
      None
    </LinkCandidate>
    <LinkCandidate>
      <Source>http://data.krw.d2s.labs.vu.nl/group15/resource/loc_4881248_52374686</Source>
      <Target>http://data.krw.d2s.labs.vu.nl/group6/findaslot/resource/Eduard_Planting_Galerie</Target>
      None
      None
    </LinkCandidate>
    <LinkCandidate>
      <Source>http://data.krw.d2s.labs.vu.nl/group15/resource/loc_45898300_523120090</Source>
      <Target>http://data.krw.d2s.labs.vu.nl/group6/findaslot/resource/Ford_Museum_den_Hartogh</Target>
      None
      None
    </LinkCandidate>
    <LinkCandidate>
      <Source>http://data.krw.d2s.labs.vu.nl/group15/resource/loc_4906331_52373353</Source>
      <Target>http://data.krw.d2s.labs.vu.nl/group6/findaslot/resource/De_Appel_arts_centre</Target>
      None
      None
    </LinkCandidate>
    <LinkCandidate>
      <Source>http://schema.org/longitude</Source>
      <Target>http://www.w3.org/2003/01/geo/wgs84_pos#long</Target>
      Some(&lt;Confidence&gt;0.0&lt;/Confidence&gt;)
      None
    </LinkCandidate>
    <LinkCandidate>
      <Source>http://data.krw.d2s.labs.vu.nl/group15/resource/loc_42800100_520892570</Source>
      <Target>http://data.krw.d2s.labs.vu.nl/group6/findaslot/resource/Gemeentemuseum_Den_Haag</Target>
      None
      None
    </LinkCandidate>
    <LinkCandidate>
      <Source>http://data.krw.d2s.labs.vu.nl/group15/resource/loc_48968620_523651810</Source>
      <Target>http://data.krw.d2s.labs.vu.nl/group6/findaslot/resource/Tassenmuseum_Hendrikje</Target>
      None
      None
    </LinkCandidate>
    <LinkCandidate>
      <Source>http://data.krw.d2s.labs.vu.nl/group15/resource/loc_48848240_523676380</Source>
      <Target>http://data.krw.d2s.labs.vu.nl/group6/findaslot/resource/Huis_Marseille_-_Museum_voor_Fotografie</Target>
      None
      None
    </LinkCandidate>
    <LinkCandidate>
      <Source>http://data.krw.d2s.labs.vu.nl/group15/resource/loc_4817829_52473274</Source>
      <Target>http://data.krw.d2s.labs.vu.nl/group6/findaslot/resource/Bakkerij_Museum_Gecroonde_Duyvekater</Target>
      None
      None
    </LinkCandidate>
    <LinkCandidate>
      <Source>http://data.krw.d2s.labs.vu.nl/group15/resource/loc_49039150_523673490</Source>
      <Target>http://data.krw.d2s.labs.vu.nl/group6/findaslot/resource/Joods_Historisch_Museum</Target>
      None
      None
    </LinkCandidate>
    <LinkCandidate>
      <Source>http://schema.org/location</Source>
      <Target>http://data.krw.d2s.labs.vu.nl/group6/findaslot/vocab/Location</Target>
      Some(&lt;Confidence&gt;0.0&lt;/Confidence&gt;)
      None
    </LinkCandidate>
    <LinkCandidate>
      <Source>http://data.krw.d2s.labs.vu.nl/group15/resource/loc_5074744_52493173</Source>
      <Target>http://data.krw.d2s.labs.vu.nl/group6/findaslot/resource/Volendams_Museum</Target>
      None
      None
    </LinkCandidate>
    <LinkCandidate>
      <Source>http://data.krw.d2s.labs.vu.nl/group15/resource/loc_4877291_52371246</Source>
      <Target>http://data.krw.d2s.labs.vu.nl/group6/findaslot/resource/Annet_Gelink_Gallery</Target>
      None
      None
    </LinkCandidate>
    <LinkCandidate>
      <Source>http://data.krw.d2s.labs.vu.nl/group15/resource/loc_49260150_523881890</Source>
      <Target>http://data.krw.d2s.labs.vu.nl/group6/findaslot/resource/Museum_Amsterdam_Noord</Target>
      None
      None
    </LinkCandidate>
    <LinkCandidate>
      <Source>http://data.krw.d2s.labs.vu.nl/group15/resource/loc_48863550_523685340</Source>
      <Target>http://data.krw.d2s.labs.vu.nl/group6/findaslot/resource/Cromhouthuis</Target>
      None
      None
    </LinkCandidate>
    <LinkCandidate>
      <Source>http://data.krw.d2s.labs.vu.nl/group15/resource/loc_4946421_52509742</Source>
      <Target>http://data.krw.d2s.labs.vu.nl/group6/findaslot/resource/Purmerends_Museum</Target>
      None
      None
    </LinkCandidate>
    <LinkCandidate>
      <Source>http://data.krw.d2s.labs.vu.nl/group15/resource/loc_48989360_523736790</Source>
      <Target>http://data.krw.d2s.labs.vu.nl/group6/findaslot/resource/Red_Light_Secrets</Target>
      None
      None
    </LinkCandidate>
    <LinkCandidate>
      <Source>http://data.krw.d2s.labs.vu.nl/group15/resource/loc_49555340_523154950</Source>
      <Target>http://data.krw.d2s.labs.vu.nl/group6/findaslot/resource/CBK_Zuidoost</Target>
      None
      None
    </LinkCandidate>
    <LinkCandidate>
      <Source>http://data.krw.d2s.labs.vu.nl/group15/resource/loc_45536360_522588810</Source>
      <Target>http://data.krw.d2s.labs.vu.nl/group6/findaslot/resource/Museum_De_Zwarte_Tulp</Target>
      None
      None
    </LinkCandidate>
    <LinkCandidate>
      <Source>http://schema.org/latitude</Source>
      <Target>http://www.w3.org/2003/01/geo/wgs84_pos#lat</Target>
      Some(&lt;Confidence&gt;0.0&lt;/Confidence&gt;)
      None
    </LinkCandidate>
    <LinkCandidate>
      <Source>http://data.krw.d2s.labs.vu.nl/group15/resource/loc_4882359_52369982</Source>
      <Target>http://data.krw.d2s.labs.vu.nl/group6/findaslot/resource/Houseboat_Museum</Target>
      None
      None
    </LinkCandidate>
    <LinkCandidate>
      <Source>http://data.krw.d2s.labs.vu.nl/group15/resource/loc_48918030_523626140</Source>
      <Target>http://data.krw.d2s.labs.vu.nl/group6/findaslot/resource/Stadsarchief_Amsterdam_-_De_Bazel</Target>
      None
      None
    </LinkCandidate>
    <LinkCandidate>
      <Source>http://data.krw.d2s.labs.vu.nl/group15/resource/loc_55272630_524564380</Source>
      <Target>http://data.krw.d2s.labs.vu.nl/group6/findaslot/resource/Aviodrome</Target>
      None
      None
    </LinkCandidate>
    <LinkCandidate>
      <Source>http://data.krw.d2s.labs.vu.nl/group15/resource/loc_52969760_527030600</Source>
      <Target>http://data.krw.d2s.labs.vu.nl/group6/findaslot/resource/Het_Zuiderzeemuseum</Target>
      None
      None
    </LinkCandidate>
    <LinkCandidate>
      <Source>http://data.krw.d2s.labs.vu.nl/group15/resource/loc_48714400_523859370</Source>
      <Target>http://data.krw.d2s.labs.vu.nl/group6/findaslot/resource/Westergasfabriek</Target>
      None
      None
    </LinkCandidate>
    <LinkCandidate>
      <Source>http://data.krw.d2s.labs.vu.nl/group15/resource/loc_49398390_523691980</Source>
      <Target>http://data.krw.d2s.labs.vu.nl/group6/findaslot/resource/Nederlands_Persmuseum</Target>
      None
      None
    </LinkCandidate>
    <LinkCandidate>
      <Source>http://data.krw.d2s.labs.vu.nl/group15/resource/loc_48930710_523685000</Source>
      <Target>http://data.krw.d2s.labs.vu.nl/group6/findaslot/resource/Allard_Pierson_Museum</Target>
      None
      None
    </LinkCandidate>
    <LinkCandidate>
      <Source>http://data.krw.d2s.labs.vu.nl/group15/resource/loc_4823555_52437351</Source>
      <Target>http://data.krw.d2s.labs.vu.nl/group6/findaslot/resource/Czaar_Peterhuisje</Target>
      None
      None
    </LinkCandidate>
    <LinkCandidate>
      <Source>http://data.krw.d2s.labs.vu.nl/group15/vocab/longitude</Source>
      <Target>http://www.w3.org/2003/01/geo/wgs84_pos#long</Target>
      Some(&lt;Confidence&gt;0.0&lt;/Confidence&gt;)
      None
    </LinkCandidate>
    <LinkCandidate>
      <Source>http://data.krw.d2s.labs.vu.nl/group15/resource/loc_4896005_52373871</Source>
      <Target>http://data.krw.d2s.labs.vu.nl/group6/findaslot/resource/W139</Target>
      None
      None
    </LinkCandidate>
    <LinkCandidate>
      <Source>http://data.krw.d2s.labs.vu.nl/group15/vocab/Location</Source>
      <Target>http://data.krw.d2s.labs.vu.nl/group6/findaslot/vocab/Location</Target>
      Some(&lt;Confidence&gt;0.0&lt;/Confidence&gt;)
      None
    </LinkCandidate>
    <LinkCandidate>
      <Source>http://data.krw.d2s.labs.vu.nl/group15/resource/loc_48744980_523899260</Source>
      <Target>http://data.krw.d2s.labs.vu.nl/group6/findaslot/resource/Museum_Het_Schip_-_De_Amsterdamse_School</Target>
      None
      None
    </LinkCandidate>
    <LinkCandidate>
      <Source>http://data.krw.d2s.labs.vu.nl/group15/resource/loc_4896005_52373871</Source>
      <Target>http://data.krw.d2s.labs.vu.nl/group6/findaslot/resource/w139</Target>
      None
      None
    </LinkCandidate>
    <LinkCandidate>
      <Source>http://data.krw.d2s.labs.vu.nl/group1/vocab#hasAddress</Source>
      <Target>http://dbpedia.org/ontology/address</Target>
      Some(&lt;Confidence&gt;0.0&lt;/Confidence&gt;)
      None
    </LinkCandidate>
    <LinkCandidate>
      <Source>http://data.krw.d2s.labs.vu.nl/group15/resource/loc_48959600_523752180</Source>
      <Target>http://data.krw.d2s.labs.vu.nl/group6/findaslot/resource/Beurs_van_Berlage</Target>
      None
      None
    </LinkCandidate>
    <LinkCandidate>
      <Source>http://data.krw.d2s.labs.vu.nl/group15/resource/loc_4879801_52356429</Source>
      <Target>http://data.krw.d2s.labs.vu.nl/group6/findaslot/resource/Stedelijk_Museum</Target>
      None
      None
    </LinkCandidate>
    <LinkCandidate>
      <Source>http://data.krw.d2s.labs.vu.nl/group15/resource/loc_48851850_523600070</Source>
      <Target>http://data.krw.d2s.labs.vu.nl/group6/findaslot/resource/Rijksmuseum</Target>
      None
      None
    </LinkCandidate>
    <LinkCandidate>
      <Source>http://data.krw.d2s.labs.vu.nl/group15/resource/loc_48798010_523564290</Source>
      <Target>http://data.krw.d2s.labs.vu.nl/group6/findaslot/resource/Stedelijk_Museum</Target>
      None
      None
    </LinkCandidate>
    <LinkCandidate>
      <Source>http://data.krw.d2s.labs.vu.nl/group15/resource/loc_49025420_523653120</Source>
      <Target>http://data.krw.d2s.labs.vu.nl/group6/findaslot/resource/Outsider_Art_Museum</Target>
      None
      None
    </LinkCandidate>
    <LinkCandidate>
      <Source>http://data.krw.d2s.labs.vu.nl/group15/resource/loc_4820372_52473071</Source>
      <Target>http://data.krw.d2s.labs.vu.nl/group6/findaslot/resource/Zaanse_Schans</Target>
      None
      None
    </LinkCandidate>
    <LinkCandidate>
      <Source>http://schema.org/Event</Source>
      <Target>http://data.krw.d2s.labs.vu.nl/group6/findaslot/vocab/Event</Target>
      Some(&lt;Confidence&gt;0.0&lt;/Confidence&gt;)
      None
    </LinkCandidate>
    <LinkCandidate>
      <Source>http://data.krw.d2s.labs.vu.nl/group15/resource/loc_49120140_523742380</Source>
      <Target>http://data.krw.d2s.labs.vu.nl/group6/findaslot/resource/Science_Center_NEMO</Target>
      None
      None
    </LinkCandidate>
    <LinkCandidate>
      <Source>http://data.krw.d2s.labs.vu.nl/group15/resource/loc_4883504_52377851</Source>
      <Target>http://data.krw.d2s.labs.vu.nl/group6/findaslot/resource/KochxBos</Target>
      None
      None
    </LinkCandidate>
    <LinkCandidate>
      <Source>http://data.krw.d2s.labs.vu.nl/group15/resource/loc_4888318_52362394</Source>
      <Target>http://data.krw.d2s.labs.vu.nl/group6/findaslot/resource/Morren_Galleries</Target>
      None
      None
    </LinkCandidate>
    <LinkCandidate>
      <Source>http://data.krw.d2s.labs.vu.nl/group15/resource/loc_48922220_523730560</Source>
      <Target>http://data.krw.d2s.labs.vu.nl/group6/findaslot/resource/Stichting_WG-Kunst</Target>
      None
      None
    </LinkCandidate>
    <LinkCandidate>
      <Source>http://data.krw.d2s.labs.vu.nl/group15/resource/loc_48932770_523696240</Source>
      <Target>http://data.krw.d2s.labs.vu.nl/group6/findaslot/resource/De_Brakke_Grond</Target>
      None
      None
    </LinkCandidate>
    <LinkCandidate>
      <Source>http://data.krw.d2s.labs.vu.nl/group15/resource/loc_4903094_52383063</Source>
      <Target>http://data.krw.d2s.labs.vu.nl/group6/findaslot/resource/Framer_Framed</Target>
      None
      None
    </LinkCandidate>
    <LinkCandidate>
      <Source>http://data.krw.d2s.labs.vu.nl/group15/resource/loc_5065541_52490694</Source>
      <Target>http://data.krw.d2s.labs.vu.nl/group6/findaslot/resource/Palingrokerij_Smit_Bokkum</Target>
      None
      None
    </LinkCandidate>
    <LinkCandidate>
      <Source>http://data.krw.d2s.labs.vu.nl/group15/resource/loc_49384560_523462380</Source>
      <Target>http://data.krw.d2s.labs.vu.nl/group6/findaslot/resource/Nederlands_Uitvaart_Museum_Tot_Zover</Target>
      None
      None
    </LinkCandidate>
    <LinkCandidate>
      <Source>http://data.krw.d2s.labs.vu.nl/group15/resource/loc_4807787_52467994</Source>
      <Target>http://data.krw.d2s.labs.vu.nl/group6/findaslot/resource/Molenmuseum</Target>
      None
      None
    </LinkCandidate>
    <LinkCandidate>
      <Source>http://data.krw.d2s.labs.vu.nl/group15/resource/loc_48842670_523763810</Source>
      <Target>http://data.krw.d2s.labs.vu.nl/group6/findaslot/resource/Amsterdam_Tulip_Museum</Target>
      None
      None
    </LinkCandidate>
    <LinkCandidate>
      <Source>http://schema.org/EventVenue</Source>
      <Target>http://data.krw.d2s.labs.vu.nl/group6/findaslot/vocab/hasVenue</Target>
      Some(&lt;Confidence&gt;0.0&lt;/Confidence&gt;)
      None
    </LinkCandidate>
    <LinkCandidate>
      <Source>http://data.krw.d2s.labs.vu.nl/group15/resource/loc_48912970_523704150</Source>
      <Target>http://data.krw.d2s.labs.vu.nl/group6/findaslot/resource/Amsterdam_Museum</Target>
      None
      None
    </LinkCandidate>
    <LinkCandidate>
      <Source>http://data.krw.d2s.labs.vu.nl/group13/vocab/City</Source>
      <Target>http://dbpedia.org/ontology/city</Target>
      Some(&lt;Confidence&gt;0.0&lt;/Confidence&gt;)
      None
    </LinkCandidate>
    <LinkCandidate>
      <Source>http://data.krw.d2s.labs.vu.nl/group15/resource/loc_49034840_523704660</Source>
      <Target>http://data.krw.d2s.labs.vu.nl/group6/findaslot/resource/Van_Zoetendaal_Photography</Target>
      None
      None
    </LinkCandidate>
    <LinkCandidate>
      <Source>http://data.krw.d2s.labs.vu.nl/group15/vocab/media</Source>
      <Target>http://data.krw.d2s.labs.vu.nl/group6/findaslot/vocab/media</Target>
      Some(&lt;Confidence&gt;0.0&lt;/Confidence&gt;)
      None
    </LinkCandidate>
    <LinkCandidate>
      <Source>http://data.krw.d2s.labs.vu.nl/group15/resource/loc_4814461_52229058</Source>
      <Target>http://data.krw.d2s.labs.vu.nl/group6/findaslot/resource/Atelier_Gerard_van_Hulzen</Target>
      Some(&lt;Confidence&gt;0.0&lt;/Confidence&gt;)
      None
    </LinkCandidate>
    <LinkCandidate>
      <Source>http://data.krw.d2s.labs.vu.nl/group13/vocab/hasLatitude</Source>
      <Target>http://www.w3.org/2003/01/geo/wgs84_pos#lat</Target>
      Some(&lt;Confidence&gt;0.0&lt;/Confidence&gt;)
      None
    </LinkCandidate>
    <LinkCandidate>
      <Source>http://data.krw.d2s.labs.vu.nl/group15/resource/loc_49025420_523653120</Source>
      <Target>http://data.krw.d2s.labs.vu.nl/group6/findaslot/resource/Hermitage_Amsterdam</Target>
      None
      None
    </LinkCandidate>
    <LinkCandidate>
      <Source>http://data.krw.d2s.labs.vu.nl/group15/vocab/city</Source>
      <Target>http://dbpedia.org/ontology/city</Target>
      Some(&lt;Confidence&gt;0.0&lt;/Confidence&gt;)
      None
    </LinkCandidate>
    <LinkCandidate>
      <Source>http://data.krw.d2s.labs.vu.nl/group1/vocab#locatedIn</Source>
      <Target>http://dbpedia.org/ontology/city</Target>
      Some(&lt;Confidence&gt;0.0&lt;/Confidence&gt;)
      None
    </LinkCandidate>
    <LinkCandidate>
      <Source>http://data.krw.d2s.labs.vu.nl/group15/resource/loc_49178030_523629460</Source>
      <Target>http://data.krw.d2s.labs.vu.nl/group6/findaslot/resource/Rijksakademie_van_beeldende_kunsten</Target>
      None
      None
    </LinkCandidate>
    <LinkCandidate>
      <Source>http://data.krw.d2s.labs.vu.nl/group15/resource/loc_4815877_52471682</Source>
      <Target>http://data.krw.d2s.labs.vu.nl/group6/findaslot/resource/Museum_Zaanse_Tijd</Target>
      None
      None
    </LinkCandidate>
    <LinkCandidate>
      <Source>http://data.krw.d2s.labs.vu.nl/group15/resource/loc_4897631_52371321</Source>
      <Target>http://data.krw.d2s.labs.vu.nl/group6/findaslot/resource/Anadolu_3-D_Holography</Target>
      None
      None
    </LinkCandidate>
    <LinkCandidate>
      <Source>http://data.krw.d2s.labs.vu.nl/group15/vocab/url</Source>
      <Target>http://data.krw.d2s.labs.vu.nl/group6/findaslot/vocab/url</Target>
      Some(&lt;Confidence&gt;0.0&lt;/Confidence&gt;)
      None
    </LinkCandidate>
    <LinkCandidate>
      <Source>http://data.krw.d2s.labs.vu.nl/group15/resource/loc_4878379_52373448</Source>
      <Target>http://data.krw.d2s.labs.vu.nl/group6/findaslot/resource/Fons_Welters</Target>
      None
      None
    </LinkCandidate>
    <LinkCandidate>
      <Source>http://data.krw.d2s.labs.vu.nl/group15/resource/loc_49129310_523677550</Source>
      <Target>http://data.krw.d2s.labs.vu.nl/group6/findaslot/resource/Verzetsmuseum_Amsterdam</Target>
      None
      None
    </LinkCandidate>
    <LinkCandidate>
      <Source>http://data.krw.d2s.labs.vu.nl/group15/resource/loc_48464160_523021410</Source>
      <Target>http://data.krw.d2s.labs.vu.nl/group6/findaslot/resource/Museum_Jan_van_der_Togt</Target>
      None
      None
    </LinkCandidate>
    <LinkCandidate>
      <Source>http://data.krw.d2s.labs.vu.nl/group13/vocab/hasLongitude</Source>
      <Target>http://www.w3.org/2003/01/geo/wgs84_pos#long</Target>
      Some(&lt;Confidence&gt;0.0&lt;/Confidence&gt;)
      None
    </LinkCandidate>
    <LinkCandidate>
      <Source>http://data.krw.d2s.labs.vu.nl/group15/resource/loc_4821726_52473499</Source>
      <Target>http://data.krw.d2s.labs.vu.nl/group6/findaslot/resource/Zaans_Museum_en_Verkade_Paviljoen</Target>
      None
      None
    </LinkCandidate>
    <LinkCandidate>
      <Source>http://data.krw.d2s.labs.vu.nl/group15/resource/loc_49226540_523627770</Source>
      <Target>http://data.krw.d2s.labs.vu.nl/group6/findaslot/resource/Tropenmuseum</Target>
      None
      None
    </LinkCandidate>
    <LinkCandidate>
      <Source>http://data.krw.d2s.labs.vu.nl/group1/vocab#url</Source>
      <Target>http://data.krw.d2s.labs.vu.nl/group6/findaslot/vocab/url</Target>
      Some(&lt;Confidence&gt;0.0&lt;/Confidence&gt;)
      None
    </LinkCandidate>
    <LinkCandidate>
      <Source>http://data.krw.d2s.labs.vu.nl/group15/resource/loc_48133520_524734590</Source>
      <Target>http://data.krw.d2s.labs.vu.nl/group6/findaslot/resource/Honig_Breethuis</Target>
      None
      None
    </LinkCandidate>
    <LinkCandidate>
      <Source>http://schema.org/address</Source>
      <Target>http://dbpedia.org/ontology/address</Target>
      Some(&lt;Confidence&gt;0.0&lt;/Confidence&gt;)
      None
    </LinkCandidate>
    <LinkCandidate>
      <Source>http://data.krw.d2s.labs.vu.nl/group15/resource/loc_48994870_523751050</Source>
      <Target>http://data.krw.d2s.labs.vu.nl/group6/findaslot/resource/Museum_Ons'_Lieve_Heer_op_Solder</Target>
      None
      None
    </LinkCandidate>
    <LinkCandidate>
      <Source>http://data.krw.d2s.labs.vu.nl/group15/resource/loc_4894035_52369350</Source>
      <Target>http://data.krw.d2s.labs.vu.nl/group6/findaslot/resource/Galerie_Mokum</Target>
      None
      None
    </LinkCandidate>
    <LinkCandidate>
      <Source>http://data.krw.d2s.labs.vu.nl/group15/resource/loc_4880602_52372704</Source>
      <Target>http://data.krw.d2s.labs.vu.nl/group6/findaslot/resource/Radar_Architecture_&amp;_Art</Target>
      None
      None
    </LinkCandidate>
    <LinkCandidate>
      <Source>http://data.krw.d2s.labs.vu.nl/group15/resource/loc_5172563_52235799</Source>
      <Target>http://data.krw.d2s.labs.vu.nl/group6/findaslot/resource/Beeld_en_Geluid</Target>
      None
      None
    </LinkCandidate>
    <LinkCandidate>
      <Source>http://data.krw.d2s.labs.vu.nl/group15/resource/loc_48588840_523031270</Source>
      <Target>http://data.krw.d2s.labs.vu.nl/group6/findaslot/resource/Schouwburg_Amstelveen</Target>
      None
      None
    </LinkCandidate>
    <LinkCandidate>
      <Source>http://data.krw.d2s.labs.vu.nl/group15/resource/loc_4758602_52255266</Source>
      <Target>http://data.krw.d2s.labs.vu.nl/group6/findaslot/resource/Galerie_Sous_Terre</Target>
      None
      None
    </LinkCandidate>
    <LinkCandidate>
      <Source>http://data.krw.d2s.labs.vu.nl/group15/resource/loc_4897046_52377970</Source>
      <Target>http://data.krw.d2s.labs.vu.nl/group6/findaslot/resource/5&amp;33_Kunstgalerij</Target>
      None
      None
    </LinkCandidate>
    <LinkCandidate>
      <Source>http://data.krw.d2s.labs.vu.nl/group15/resource/loc_4888318_52362394</Source>
      <Target>http://data.krw.d2s.labs.vu.nl/group6/findaslot/resource/De_Portretwinkel</Target>
      None
      None
    </LinkCandidate>
    <LinkCandidate>
      <Source>http://data.krw.d2s.labs.vu.nl/group15/resource/loc_4843816_52241937</Source>
      <Target>http://data.krw.d2s.labs.vu.nl/group6/findaslot/resource/Kunstuitleen_en_Galerie_Timeless</Target>
      None
      None
    </LinkCandidate>
    <LinkCandidate>
      <Source>http://data.krw.d2s.labs.vu.nl/group15/resource/loc_46367730_524480100</Source>
      <Target>http://data.krw.d2s.labs.vu.nl/group6/findaslot/resource/Pieter_Vermeulen_Museum</Target>
      None
      None
    </LinkCandidate>
    <LinkCandidate>
      <Source>http://data.krw.d2s.labs.vu.nl/group15/resource/loc_49011910_523693580</Source>
      <Target>http://data.krw.d2s.labs.vu.nl/group6/findaslot/resource/Rembrandthuis</Target>
      None
      None
    </LinkCandidate>
    <LinkCandidate>
      <Source>http://data.krw.d2s.labs.vu.nl/group15/resource/loc_48863550_523685340</Source>
      <Target>http://data.krw.d2s.labs.vu.nl/group6/findaslot/resource/Bijbels_Museum</Target>
      None
      None
    </LinkCandidate>
    <LinkCandidate>
      <Source>http://data.krw.d2s.labs.vu.nl/group15/resource/loc_48798010_523564290</Source>
      <Target>http://data.krw.d2s.labs.vu.nl/group6/findaslot/resource/Van_Gogh_Museum</Target>
      None
      None
    </LinkCandidate>
    <LinkCandidate>
      <Source>http://data.krw.d2s.labs.vu.nl/group15/resource/loc_4946605_52509798</Source>
      <Target>http://data.krw.d2s.labs.vu.nl/group6/findaslot/resource/Museum_Waterland</Target>
      None
      None
    </LinkCandidate>
    <LinkCandidate>
      <Source>http://data.krw.d2s.labs.vu.nl/group15/resource/loc_4879857_52370601</Source>
      <Target>http://data.krw.d2s.labs.vu.nl/group6/findaslot/resource/Wim_van_Krimpen</Target>
      None
      None
    </LinkCandidate>
    <LinkCandidate>
      <Source>http://data.krw.d2s.labs.vu.nl/group15/vocab/latitude</Source>
      <Target>http://www.w3.org/2003/01/geo/wgs84_pos#lat</Target>
      Some(&lt;Confidence&gt;0.0&lt;/Confidence&gt;)
      None
    </LinkCandidate>
    <LinkCandidate>
      <Source>http://data.krw.d2s.labs.vu.nl/group15/resource/loc_48977700_523705010</Source>
      <Target>http://data.krw.d2s.labs.vu.nl/group6/findaslot/resource/Compagnietheater</Target>
      None
      None
    </LinkCandidate>
    <LinkCandidate>
      <Source>http://data.krw.d2s.labs.vu.nl/group13/vocab/Location</Source>
      <Target>http://data.krw.d2s.labs.vu.nl/group6/findaslot/vocab/Location</Target>
      Some(&lt;Confidence&gt;0.0&lt;/Confidence&gt;)
      None
    </LinkCandidate>
    <LinkCandidate>
      <Source>http://data.krw.d2s.labs.vu.nl/group15/resource/loc_48860470_523636580</Source>
      <Target>http://data.krw.d2s.labs.vu.nl/group6/findaslot/resource/Amsterdam_Pipe_Museum</Target>
      None
      None
    </LinkCandidate>
    <LinkCandidate>
      <Source>http://data.krw.d2s.labs.vu.nl/group15/resource/loc_4894106_52372638</Source>
      <Target>http://data.krw.d2s.labs.vu.nl/group6/findaslot/resource/Amsterdam/Diverse_locaties_/_various_locations</Target>
      None
      None
    </LinkCandidate>
    <LinkCandidate>
      <Source>http://data.krw.d2s.labs.vu.nl/group15/resource/loc_4815715_52471682</Source>
      <Target>http://data.krw.d2s.labs.vu.nl/group6/findaslot/resource/Museumwinkel_Albert_Heijn</Target>
      None
      None
    </LinkCandidate>
    <LinkCandidate>
      <Source>http://data.krw.d2s.labs.vu.nl/group15/resource/loc_4883329_52370445</Source>
      <Target>http://data.krw.d2s.labs.vu.nl/group6/findaslot/resource/de_Glaswerkplaats</Target>
      None
      None
    </LinkCandidate>
    <LinkCandidate>
      <Source>http://data.krw.d2s.labs.vu.nl/group15/resource/loc_4884359_52370287</Source>
      <Target>http://data.krw.d2s.labs.vu.nl/group6/findaslot/resource/Dutch_Accent</Target>
      None
      None
    </LinkCandidate>
    <LinkCandidate>
      <Source>http://data.krw.d2s.labs.vu.nl/group15/resource/loc_4891755_52368862</Source>
      <Target>http://data.krw.d2s.labs.vu.nl/group6/findaslot/resource/Maatschappij_Arti_et_Amicitiae</Target>
      None
      None
    </LinkCandidate>
    <LinkCandidate>
      <Source>http://data.krw.d2s.labs.vu.nl/group15/resource/loc_4900699_52355274</Source>
      <Target>http://data.krw.d2s.labs.vu.nl/group6/findaslot/resource/Amsterdam_Tattoo_Museum</Target>
      None
      None
    </LinkCandidate>
    <LinkCandidate>
      <Source>http://purl.org/NET/c4dm/event.owl#Event</Source>
      <Target>http://data.krw.d2s.labs.vu.nl/group6/findaslot/vocab/Event</Target>
      Some(&lt;Confidence&gt;0.0&lt;/Confidence&gt;)
      None
    </LinkCandidate>
    <LinkCandidate>
      <Source>http://data.krw.d2s.labs.vu.nl/group15/resource/loc_49009780_523843990</Source>
      <Target>http://data.krw.d2s.labs.vu.nl/group6/findaslot/resource/EYE_Filmmuseum</Target>
      None
      None
    </LinkCandidate>
    <LinkCandidate>
      <Source>http://data.krw.d2s.labs.vu.nl/group15/resource/loc_48915990_523841540</Source>
      <Target>http://data.krw.d2s.labs.vu.nl/group6/findaslot/resource/Ateliers_Westerdok</Target>
      Some(&lt;Confidence&gt;0.0&lt;/Confidence&gt;)
      None
    </LinkCandidate>
    <LinkCandidate>
      <Source>http://schema.org/City</Source>
      <Target>http://dbpedia.org/ontology/city</Target>
      Some(&lt;Confidence&gt;0.0&lt;/Confidence&gt;)
      None
    </LinkCandidate>
  </PositiveLinks>
  <NegativeLinks> </NegativeLinks>
  <UnlabeledLinks> </UnlabeledLinks>
</Entities>
