<rdf:RDF xmlns:align="http://knowledgeweb.semanticweb.org/heterogeneity/alignment#" xmlns:xsd="http://www.w3.org/2001/XMLSchema#" xmlns:rdf="http://www.w3.org/1999/02/22-rdf-syntax-ns#" xmlns="http://knowledgeweb.semanticweb.org/heterogeneity/alignment#">
  <Alignment>
    <map>
      <Cell>
        <entity1 rdf:resource="http://data.krw.d2s.labs.vu.nl/group15/resource/activity_6724ce68-1ae4-4011-9841-de028f542408"/>
        <entity2 rdf:resource="http://data.krw.d2s.labs.vu.nl/group6/findaslot/resource/Dutch_Accent"/>
        <relation>=</relation>
        <measure rdf:datatype="http://www.w3.org/2001/XMLSchema#float">0.0</measure>
      </Cell>
    </map>
    <map>
      <Cell>
        <entity1 rdf:resource="http://data.krw.d2s.labs.vu.nl/group15/resource/activity_9069004c-9be7-4b60-b7ca-25a68c5550d5"/>
        <entity2 rdf:resource="http://data.krw.d2s.labs.vu.nl/group6/findaslot/resource/KochxBos"/>
        <relation>=</relation>
        <measure rdf:datatype="http://www.w3.org/2001/XMLSchema#float">0.0</measure>
      </Cell>
    </map>
    <map>
      <Cell>
        <entity1 rdf:resource="http://data.krw.d2s.labs.vu.nl/group15/resource/activity_a7b5f98d-d4f1-46e8-913f-902629d0bdae"/>
        <entity2 rdf:resource="http://data.krw.d2s.labs.vu.nl/group6/findaslot/resource/Het_Spoorwegmuseum_Utrecht"/>
        <relation>=</relation>
        <measure rdf:datatype="http://www.w3.org/2001/XMLSchema#float">0.0</measure>
      </Cell>
    </map>
    <map>
      <Cell>
        <entity1 rdf:resource="http://data.krw.d2s.labs.vu.nl/group15/resource/activity_0409c302-180b-4292-8678-fc40957dbe39"/>
        <entity2 rdf:resource="http://data.krw.d2s.labs.vu.nl/group6/findaslot/resource/Radar_Architecture_&amp;_Art"/>
        <relation>=</relation>
        <measure rdf:datatype="http://www.w3.org/2001/XMLSchema#float">0.0</measure>
      </Cell>
    </map>
    <map>
      <Cell>
        <entity1 rdf:resource="http://data.krw.d2s.labs.vu.nl/group15/resource/activity_22f1d636-3f20-49c4-93e3-44210721ab09"/>
        <entity2 rdf:resource="http://data.krw.d2s.labs.vu.nl/group6/findaslot/resource/Galerie_Paul_Andriesse"/>
        <relation>=</relation>
        <measure rdf:datatype="http://www.w3.org/2001/XMLSchema#float">0.0</measure>
      </Cell>
    </map>
    <map>
      <Cell>
        <entity1 rdf:resource="http://data.krw.d2s.labs.vu.nl/group15/resource/activity_f32eac5f-90ad-4be8-b6a3-374ad46e91fe"/>
        <entity2 rdf:resource="http://data.krw.d2s.labs.vu.nl/group6/findaslot/resource/Czaar_Peterhuisje"/>
        <relation>=</relation>
        <measure rdf:datatype="http://www.w3.org/2001/XMLSchema#float">0.0</measure>
      </Cell>
    </map>
    <map>
      <Cell>
        <entity1 rdf:resource="http://data.krw.d2s.labs.vu.nl/group15/resource/activity_a01d8d50-e20c-4b56-a7d4-e88248b3640a"/>
        <entity2 rdf:resource="http://data.krw.d2s.labs.vu.nl/group6/findaslot/resource/De_Appel_arts_centre"/>
        <relation>=</relation>
        <measure rdf:datatype="http://www.w3.org/2001/XMLSchema#float">0.0</measure>
      </Cell>
    </map>
    <map>
      <Cell>
        <entity1 rdf:resource="http://data.krw.d2s.labs.vu.nl/group15/resource/activity_99683cdc-93bf-4f26-8189-ceb1e9b24dd3"/>
        <entity2 rdf:resource="http://data.krw.d2s.labs.vu.nl/group6/findaslot/resource/Verzetsmuseum_Junior"/>
        <relation>=</relation>
        <measure rdf:datatype="http://www.w3.org/2001/XMLSchema#float">0.0</measure>
      </Cell>
    </map>
    <map>
      <Cell>
        <entity1 rdf:resource="http://data.krw.d2s.labs.vu.nl/group15/resource/activity_67c46893-20a0-4647-9c6d-fda96dc5a6da"/>
        <entity2 rdf:resource="http://data.krw.d2s.labs.vu.nl/group6/findaslot/resource/Akinci"/>
        <relation>=</relation>
        <measure rdf:datatype="http://www.w3.org/2001/XMLSchema#float">0.0</measure>
      </Cell>
    </map>
    <map>
      <Cell>
        <entity1 rdf:resource="http://data.krw.d2s.labs.vu.nl/group15/resource/activity_7f9a4d6c-c2ec-495f-9bb2-791983a14627"/>
        <entity2 rdf:resource="http://data.krw.d2s.labs.vu.nl/group6/findaslot/resource/Beeld_en_Geluid"/>
        <relation>=</relation>
        <measure rdf:datatype="http://www.w3.org/2001/XMLSchema#float">0.0</measure>
      </Cell>
    </map>
    <map>
      <Cell>
        <entity1 rdf:resource="http://data.krw.d2s.labs.vu.nl/group15/resource/activity_22400825-5f93-4511-a689-7c76d3bfdca5"/>
        <entity2 rdf:resource="http://data.krw.d2s.labs.vu.nl/group6/findaslot/resource/Outsider_Art_Museum"/>
        <relation>=</relation>
        <measure rdf:datatype="http://www.w3.org/2001/XMLSchema#float">0.0</measure>
      </Cell>
    </map>
    <map>
      <Cell>
        <entity1 rdf:resource="http://data.krw.d2s.labs.vu.nl/group15/resource/activity_7ce03e1c-0f75-4b9d-82c9-384fc6bc5a5d"/>
        <entity2 rdf:resource="http://data.krw.d2s.labs.vu.nl/group6/findaslot/resource/Pieter_Vermeulen_Museum"/>
        <relation>=</relation>
        <measure rdf:datatype="http://www.w3.org/2001/XMLSchema#float">0.0</measure>
      </Cell>
    </map>
    <map>
      <Cell>
        <entity1 rdf:resource="http://data.krw.d2s.labs.vu.nl/group15/resource/activity_af10b52b-83a8-4fc1-bbd7-a624d7a5c158"/>
        <entity2 rdf:resource="http://data.krw.d2s.labs.vu.nl/group6/findaslot/resource/Palingrokerij_Smit_Bokkum"/>
        <relation>=</relation>
        <measure rdf:datatype="http://www.w3.org/2001/XMLSchema#float">0.0</measure>
      </Cell>
    </map>
    <map>
      <Cell>
        <entity1 rdf:resource="http://data.krw.d2s.labs.vu.nl/group15/resource/activity_42f20cd4-9932-45ba-ab6b-0a6bda539f22"/>
        <entity2 rdf:resource="http://data.krw.d2s.labs.vu.nl/group6/findaslot/resource/Verzetsmuseum_Junior"/>
        <relation>=</relation>
        <measure rdf:datatype="http://www.w3.org/2001/XMLSchema#float">0.0</measure>
      </Cell>
    </map>
    <map>
      <Cell>
        <entity1 rdf:resource="http://dbpedia.org/resource/Hermitage_Amsterdam"/>
        <entity2 rdf:resource="http://data.krw.d2s.labs.vu.nl/group6/findaslot/resource/Hermitage_Amsterdam"/>
        <relation>=</relation>
        <measure rdf:datatype="http://www.w3.org/2001/XMLSchema#float">0.0</measure>
      </Cell>
    </map>
    <map>
      <Cell>
        <entity1 rdf:resource="http://dbpedia.org/resource/Ons'_Lieve_Heer_op_Solder"/>
        <entity2 rdf:resource="http://data.krw.d2s.labs.vu.nl/group6/findaslot/resource/Museum_Ons'_Lieve_Heer_op_Solder"/>
        <relation>=</relation>
        <measure rdf:datatype="http://www.w3.org/2001/XMLSchema#float">0.0</measure>
      </Cell>
    </map>
    <map>
      <Cell>
        <entity1 rdf:resource="http://data.krw.d2s.labs.vu.nl/group15/resource/activity_79c2a4bf-577b-4d41-a11b-f365f7fbdd28"/>
        <entity2 rdf:resource="http://data.krw.d2s.labs.vu.nl/group6/findaslot/resource/Rijksakademie_van_beeldende_kunsten"/>
        <relation>=</relation>
        <measure rdf:datatype="http://www.w3.org/2001/XMLSchema#float">0.0</measure>
      </Cell>
    </map>
    <map>
      <Cell>
        <entity1 rdf:resource="http://data.krw.d2s.labs.vu.nl/group15/resource/activity_787d68da-e0ac-4a39-8ae5-09784458f728"/>
        <entity2 rdf:resource="http://data.krw.d2s.labs.vu.nl/group6/findaslot/resource/Amsterdam_Tattoo_Museum"/>
        <relation>=</relation>
        <measure rdf:datatype="http://www.w3.org/2001/XMLSchema#float">0.0</measure>
      </Cell>
    </map>
    <map>
      <Cell>
        <entity1 rdf:resource="http://data.krw.d2s.labs.vu.nl/group15/resource/activity_c0f82af6-5e72-40fd-b430-de8d847f8fe4"/>
        <entity2 rdf:resource="http://data.krw.d2s.labs.vu.nl/group6/findaslot/resource/w139"/>
        <relation>=</relation>
        <measure rdf:datatype="http://www.w3.org/2001/XMLSchema#float">0.0</measure>
      </Cell>
    </map>
    <map>
      <Cell>
        <entity1 rdf:resource="http://data.krw.d2s.labs.vu.nl/group15/resource/activity_fe7b7dba-c768-4713-8802-043f580d5dec"/>
        <entity2 rdf:resource="http://data.krw.d2s.labs.vu.nl/group6/findaslot/resource/Museum_De_Zwarte_Tulp"/>
        <relation>=</relation>
        <measure rdf:datatype="http://www.w3.org/2001/XMLSchema#float">0.0</measure>
      </Cell>
    </map>
    <map>
      <Cell>
        <entity1 rdf:resource="http://data.krw.d2s.labs.vu.nl/group15/resource/activity_1c3e48fd-4e7a-4dc7-bd4f-de5da51893f4"/>
        <entity2 rdf:resource="http://data.krw.d2s.labs.vu.nl/group6/findaslot/resource/Van_Zoetendaal_Photography"/>
        <relation>=</relation>
        <measure rdf:datatype="http://www.w3.org/2001/XMLSchema#float">0.0</measure>
      </Cell>
    </map>
    <map>
      <Cell>
        <entity1 rdf:resource="http://data.krw.d2s.labs.vu.nl/group15/resource/activity_239857d7-ebfe-4cd2-8a15-a6d38c1f5b59"/>
        <entity2 rdf:resource="http://data.krw.d2s.labs.vu.nl/group6/findaslot/resource/Atelier_Gerard_van_Hulzen"/>
        <relation>=</relation>
        <measure rdf:datatype="http://www.w3.org/2001/XMLSchema#float">0.0</measure>
      </Cell>
    </map>
    <map>
      <Cell>
        <entity1 rdf:resource="http://data.krw.d2s.labs.vu.nl/group15/resource/activity_97103d8e-6102-4967-af52-1324b107cc2e"/>
        <entity2 rdf:resource="http://data.krw.d2s.labs.vu.nl/group6/findaslot/resource/Galerie_Pien_Rademakers"/>
        <relation>=</relation>
        <measure rdf:datatype="http://www.w3.org/2001/XMLSchema#float">0.0</measure>
      </Cell>
    </map>
    <map>
      <Cell>
        <entity1 rdf:resource="http://data.krw.d2s.labs.vu.nl/group15/resource/activity_9d29203b-385e-464a-b6ff-aff865e70449"/>
        <entity2 rdf:resource="http://data.krw.d2s.labs.vu.nl/group6/findaslot/resource/Fons_Welters"/>
        <relation>=</relation>
        <measure rdf:datatype="http://www.w3.org/2001/XMLSchema#float">0.0</measure>
      </Cell>
    </map>
    <map>
      <Cell>
        <entity1 rdf:resource="http://data.krw.d2s.labs.vu.nl/group15/resource/activity_60fdece1-f3d3-43b7-86b3-6d53f9b73111"/>
        <entity2 rdf:resource="http://data.krw.d2s.labs.vu.nl/group6/findaslot/resource/Bunker_Museum_IJmuiden"/>
        <relation>=</relation>
        <measure rdf:datatype="http://www.w3.org/2001/XMLSchema#float">0.0</measure>
      </Cell>
    </map>
    <map>
      <Cell>
        <entity1 rdf:resource="http://dbpedia.org/resource/Rijksmuseum"/>
        <entity2 rdf:resource="http://data.krw.d2s.labs.vu.nl/group6/findaslot/resource/Rijksmuseum"/>
        <relation>=</relation>
        <measure rdf:datatype="http://www.w3.org/2001/XMLSchema#float">0.0</measure>
      </Cell>
    </map>
    <map>
      <Cell>
        <entity1 rdf:resource="http://data.krw.d2s.labs.vu.nl/group15/resource/activity_2623593b-52d9-4497-9cec-2ef5dc44f5c2"/>
        <entity2 rdf:resource="http://data.krw.d2s.labs.vu.nl/group6/findaslot/resource/Ateliers_Westerdok"/>
        <relation>=</relation>
        <measure rdf:datatype="http://www.w3.org/2001/XMLSchema#float">0.0</measure>
      </Cell>
    </map>
    <map>
      <Cell>
        <entity1 rdf:resource="http://data.krw.d2s.labs.vu.nl/group15/resource/activity_38532236-439e-4b30-a324-b6a0ee3633f0"/>
        <entity2 rdf:resource="http://data.krw.d2s.labs.vu.nl/group6/findaslot/resource/Wim_van_Krimpen"/>
        <relation>=</relation>
        <measure rdf:datatype="http://www.w3.org/2001/XMLSchema#float">0.0</measure>
      </Cell>
    </map>
    <map>
      <Cell>
        <entity1 rdf:resource="http://data.krw.d2s.labs.vu.nl/group15/resource/activity_8641ca9b-4e5e-4a54-8d35-b8abb22d9414"/>
        <entity2 rdf:resource="http://data.krw.d2s.labs.vu.nl/group6/findaslot/resource/Zee-en_Havenmuseum"/>
        <relation>=</relation>
        <measure rdf:datatype="http://www.w3.org/2001/XMLSchema#float">0.0</measure>
      </Cell>
    </map>
    <map>
      <Cell>
        <entity1 rdf:resource="http://data.krw.d2s.labs.vu.nl/group15/resource/activity_37be150c-c699-42ad-b591-2b4d7cfdf9f1"/>
        <entity2 rdf:resource="http://data.krw.d2s.labs.vu.nl/group6/findaslot/resource/5&amp;33_Kunstgalerij"/>
        <relation>=</relation>
        <measure rdf:datatype="http://www.w3.org/2001/XMLSchema#float">0.0</measure>
      </Cell>
    </map>
    <map>
      <Cell>
        <entity1 rdf:resource="http://data.krw.d2s.labs.vu.nl/group15/resource/activity_f9dad757-0bfc-4813-9028-285f8fe70562"/>
        <entity2 rdf:resource="http://data.krw.d2s.labs.vu.nl/group6/findaslot/resource/Kunstuitleen_en_Galerie_Timeless"/>
        <relation>=</relation>
        <measure rdf:datatype="http://www.w3.org/2001/XMLSchema#float">0.0</measure>
      </Cell>
    </map>
    <map>
      <Cell>
        <entity1 rdf:resource="http://data.krw.d2s.labs.vu.nl/group15/resource/activity_eb62f7d7-1076-4982-83f3-3db8e9ceecf7"/>
        <entity2 rdf:resource="http://data.krw.d2s.labs.vu.nl/group6/findaslot/resource/de_Glaswerkplaats"/>
        <relation>=</relation>
        <measure rdf:datatype="http://www.w3.org/2001/XMLSchema#float">0.0</measure>
      </Cell>
    </map>
    <map>
      <Cell>
        <entity1 rdf:resource="http://data.krw.d2s.labs.vu.nl/group15/resource/activity_21c18f9c-f2c6-461d-bae8-953d5f0339fb"/>
        <entity2 rdf:resource="http://data.krw.d2s.labs.vu.nl/group6/findaslot/resource/Volendams_Museum"/>
        <relation>=</relation>
        <measure rdf:datatype="http://www.w3.org/2001/XMLSchema#float">0.0</measure>
      </Cell>
    </map>
    <map>
      <Cell>
        <entity1 rdf:resource="http://data.krw.d2s.labs.vu.nl/group15/resource/activity_9fb695f6-a3d5-4d32-ab15-509fa8d49e30"/>
        <entity2 rdf:resource="http://data.krw.d2s.labs.vu.nl/group6/findaslot/resource/Anadolu_3-D_Holography"/>
        <relation>=</relation>
        <measure rdf:datatype="http://www.w3.org/2001/XMLSchema#float">0.0</measure>
      </Cell>
    </map>
    <map>
      <Cell>
        <entity1 rdf:resource="http://data.krw.d2s.labs.vu.nl/group15/resource/activity_721ccae6-80e8-459f-9590-85a77751febc"/>
        <entity2 rdf:resource="http://data.krw.d2s.labs.vu.nl/group6/findaslot/resource/Stichting_WG-Kunst"/>
        <relation>=</relation>
        <measure rdf:datatype="http://www.w3.org/2001/XMLSchema#float">0.0</measure>
      </Cell>
    </map>
    <map>
      <Cell>
        <entity1 rdf:resource="http://data.krw.d2s.labs.vu.nl/group15/resource/activity_257044c1-dc5b-47fd-9db2-349220309326"/>
        <entity2 rdf:resource="http://data.krw.d2s.labs.vu.nl/group6/findaslot/resource/Amsterdam_Tulip_Museum"/>
        <relation>=</relation>
        <measure rdf:datatype="http://www.w3.org/2001/XMLSchema#float">0.0</measure>
      </Cell>
    </map>
    <map>
      <Cell>
        <entity1 rdf:resource="http://data.krw.d2s.labs.vu.nl/group15/resource/activity_fe0a820c-5258-49af-8bbd-449ee4d4c241"/>
        <entity2 rdf:resource="http://data.krw.d2s.labs.vu.nl/group6/findaslot/resource/Het_Zuiderzeemuseum"/>
        <relation>=</relation>
        <measure rdf:datatype="http://www.w3.org/2001/XMLSchema#float">0.0</measure>
      </Cell>
    </map>
    <map>
      <Cell>
        <entity1 rdf:resource="http://data.krw.d2s.labs.vu.nl/group15/resource/activity_fb65088a-b254-45ec-9574-88245ae170c9"/>
        <entity2 rdf:resource="http://data.krw.d2s.labs.vu.nl/group6/findaslot/resource/Honig_Breethuis"/>
        <relation>=</relation>
        <measure rdf:datatype="http://www.w3.org/2001/XMLSchema#float">0.0</measure>
      </Cell>
    </map>
    <map>
      <Cell>
        <entity1 rdf:resource="http://data.krw.d2s.labs.vu.nl/group15/resource/activity_7d7b2536-d25a-485b-8a46-dec7d4488ad8"/>
        <entity2 rdf:resource="http://data.krw.d2s.labs.vu.nl/group6/findaslot/resource/Nieuw_Land_Erfgoedcentrum"/>
        <relation>=</relation>
        <measure rdf:datatype="http://www.w3.org/2001/XMLSchema#float">0.0</measure>
      </Cell>
    </map>
    <map>
      <Cell>
        <entity1 rdf:resource="http://data.krw.d2s.labs.vu.nl/group15/resource/activity_aa5732dd-c683-4c3a-a7be-915bc71db824"/>
        <entity2 rdf:resource="http://data.krw.d2s.labs.vu.nl/group6/findaslot/resource/Purmerends_Museum"/>
        <relation>=</relation>
        <measure rdf:datatype="http://www.w3.org/2001/XMLSchema#float">0.0</measure>
      </Cell>
    </map>
    <map>
      <Cell>
        <entity1 rdf:resource="http://data.krw.d2s.labs.vu.nl/group15/resource/activity_40c3617a-f679-43a2-9fec-0fe661fdf798"/>
        <entity2 rdf:resource="http://data.krw.d2s.labs.vu.nl/group6/findaslot/resource/Beurs_van_Berlage"/>
        <relation>=</relation>
        <measure rdf:datatype="http://www.w3.org/2001/XMLSchema#float">0.0</measure>
      </Cell>
    </map>
    <map>
      <Cell>
        <entity1 rdf:resource="http://data.krw.d2s.labs.vu.nl/group15/resource/activity_57002f54-c421-4677-91f2-b3a0a17b9f2e"/>
        <entity2 rdf:resource="http://data.krw.d2s.labs.vu.nl/group6/findaslot/resource/Foam_Editions"/>
        <relation>=</relation>
        <measure rdf:datatype="http://www.w3.org/2001/XMLSchema#float">0.0</measure>
      </Cell>
    </map>
    <map>
      <Cell>
        <entity1 rdf:resource="http://dbpedia.org/resource/Van_Gogh_Museum"/>
        <entity2 rdf:resource="http://data.krw.d2s.labs.vu.nl/group6/findaslot/resource/Van_Gogh_Museum"/>
        <relation>=</relation>
        <measure rdf:datatype="http://www.w3.org/2001/XMLSchema#float">0.0</measure>
      </Cell>
    </map>
    <map>
      <Cell>
        <entity1 rdf:resource="http://data.krw.d2s.labs.vu.nl/group15/resource/activity_b1cea8fe-962c-4527-835f-6f4237d18830"/>
        <entity2 rdf:resource="http://data.krw.d2s.labs.vu.nl/group6/findaslot/resource/Maatschappij_Arti_et_Amicitiae"/>
        <relation>=</relation>
        <measure rdf:datatype="http://www.w3.org/2001/XMLSchema#float">0.0</measure>
      </Cell>
    </map>
    <map>
      <Cell>
        <entity1 rdf:resource="http://data.krw.d2s.labs.vu.nl/group15/resource/activity_b92dc3c4-c4ff-461a-b53d-da18e468b153"/>
        <entity2 rdf:resource="http://data.krw.d2s.labs.vu.nl/group6/findaslot/resource/Galerie_Mokum"/>
        <relation>=</relation>
        <measure rdf:datatype="http://www.w3.org/2001/XMLSchema#float">0.0</measure>
      </Cell>
    </map>
    <map>
      <Cell>
        <entity1 rdf:resource="http://data.krw.d2s.labs.vu.nl/group15/resource/activity_22c552a0-d5fe-4083-87e7-7cf69be4b935"/>
        <entity2 rdf:resource="http://data.krw.d2s.labs.vu.nl/group6/findaslot/resource/Molenmuseum"/>
        <relation>=</relation>
        <measure rdf:datatype="http://www.w3.org/2001/XMLSchema#float">0.0</measure>
      </Cell>
    </map>
    <map>
      <Cell>
        <entity1 rdf:resource="http://data.krw.d2s.labs.vu.nl/group15/resource/activity_4ca63430-9e3f-4908-bb0f-c7d5b94a59f3"/>
        <entity2 rdf:resource="http://data.krw.d2s.labs.vu.nl/group6/findaslot/resource/Bakkerij_Museum_'In_de_Gecroonde_Duyvekater'"/>
        <relation>=</relation>
        <measure rdf:datatype="http://www.w3.org/2001/XMLSchema#float">0.0</measure>
      </Cell>
    </map>
    <map>
      <Cell>
        <entity1 rdf:resource="http://data.krw.d2s.labs.vu.nl/group15/resource/activity_cda376b6-7147-4ecf-9af3-64fdaa6d468c"/>
        <entity2 rdf:resource="http://data.krw.d2s.labs.vu.nl/group6/findaslot/resource/Lieve_Hemel"/>
        <relation>=</relation>
        <measure rdf:datatype="http://www.w3.org/2001/XMLSchema#float">0.0</measure>
      </Cell>
    </map>
    <map>
      <Cell>
        <entity1 rdf:resource="http://data.krw.d2s.labs.vu.nl/group15/resource/activity_1272b667-b6f7-4470-8a63-0627fd6f174c"/>
        <entity2 rdf:resource="http://data.krw.d2s.labs.vu.nl/group6/findaslot/resource/Cromhouthuis"/>
        <relation>=</relation>
        <measure rdf:datatype="http://www.w3.org/2001/XMLSchema#float">0.0</measure>
      </Cell>
    </map>
    <map>
      <Cell>
        <entity1 rdf:resource="http://data.krw.d2s.labs.vu.nl/group15/resource/activity_748052f6-1457-42e9-b686-184f434bc2b0"/>
        <entity2 rdf:resource="http://data.krw.d2s.labs.vu.nl/group6/findaslot/resource/Framer_Framed"/>
        <relation>=</relation>
        <measure rdf:datatype="http://www.w3.org/2001/XMLSchema#float">0.0</measure>
      </Cell>
    </map>
    <map>
      <Cell>
        <entity1 rdf:resource="http://data.krw.d2s.labs.vu.nl/group15/resource/activity_f491d6c3-9d87-4b9e-acab-ea25707d43d1"/>
        <entity2 rdf:resource="http://data.krw.d2s.labs.vu.nl/group6/findaslot/resource/Ripley's_Believe_it_or_Not"/>
        <relation>=</relation>
        <measure rdf:datatype="http://www.w3.org/2001/XMLSchema#float">0.0</measure>
      </Cell>
    </map>
    <map>
      <Cell>
        <entity1 rdf:resource="http://dbpedia.org/resource/Foam_Fotografiemuseum_Amsterdam"/>
        <entity2 rdf:resource="http://data.krw.d2s.labs.vu.nl/group6/findaslot/resource/Foam_Fotografiemuseum_Amsterdam"/>
        <relation>=</relation>
        <measure rdf:datatype="http://www.w3.org/2001/XMLSchema#float">0.0</measure>
      </Cell>
    </map>
    <map>
      <Cell>
        <entity1 rdf:resource="http://data.krw.d2s.labs.vu.nl/group15/resource/activity_3329e497-a157-440c-840f-69307ae362a7"/>
        <entity2 rdf:resource="http://data.krw.d2s.labs.vu.nl/group6/findaslot/resource/Science_Center_NEMO"/>
        <relation>=</relation>
        <measure rdf:datatype="http://www.w3.org/2001/XMLSchema#float">0.0</measure>
      </Cell>
    </map>
    <map>
      <Cell>
        <entity1 rdf:resource="http://dbpedia.org/resource/Gemeentemuseum_Den_Haag"/>
        <entity2 rdf:resource="http://data.krw.d2s.labs.vu.nl/group6/findaslot/resource/Gemeentemuseum_Den_Haag"/>
        <relation>=</relation>
        <measure rdf:datatype="http://www.w3.org/2001/XMLSchema#float">0.0</measure>
      </Cell>
    </map>
    <map>
      <Cell>
        <entity1 rdf:resource="http://data.krw.d2s.labs.vu.nl/group15/resource/activity_77f6b43a-8e08-44b5-9462-10f8cc12f4e4"/>
        <entity2 rdf:resource="http://data.krw.d2s.labs.vu.nl/group6/findaslot/resource/Hollanders_van_de_Gouden_Eeuw"/>
        <relation>=</relation>
        <measure rdf:datatype="http://www.w3.org/2001/XMLSchema#float">0.0</measure>
      </Cell>
    </map>
    <map>
      <Cell>
        <entity1 rdf:resource="http://data.krw.d2s.labs.vu.nl/group15/resource/activity_c81195b9-f08b-4af9-8293-fb43156d0daf"/>
        <entity2 rdf:resource="http://data.krw.d2s.labs.vu.nl/group6/findaslot/resource/Het_Waterlands_Museum"/>
        <relation>=</relation>
        <measure rdf:datatype="http://www.w3.org/2001/XMLSchema#float">0.0</measure>
      </Cell>
    </map>
    <map>
      <Cell>
        <entity1 rdf:resource="http://data.krw.d2s.labs.vu.nl/group15/resource/activity_ff2a5d4e-ac09-43f5-be40-bcba15ff3851"/>
        <entity2 rdf:resource="http://data.krw.d2s.labs.vu.nl/group6/findaslot/resource/Amsterdam_Cheese_Museum"/>
        <relation>=</relation>
        <measure rdf:datatype="http://www.w3.org/2001/XMLSchema#float">0.0</measure>
      </Cell>
    </map>
    <map>
      <Cell>
        <entity1 rdf:resource="http://data.krw.d2s.labs.vu.nl/group15/resource/activity_c07649d4-9d95-468c-94c3-45d0dcb63332"/>
        <entity2 rdf:resource="http://data.krw.d2s.labs.vu.nl/group6/findaslot/resource/Bijbels_Museum"/>
        <relation>=</relation>
        <measure rdf:datatype="http://www.w3.org/2001/XMLSchema#float">0.0</measure>
      </Cell>
    </map>
    <map>
      <Cell>
        <entity1 rdf:resource="http://data.krw.d2s.labs.vu.nl/group15/resource/activity_29cbeea4-4617-4c27-b895-220cc68496c1"/>
        <entity2 rdf:resource="http://data.krw.d2s.labs.vu.nl/group6/findaslot/resource/Woonbootmuseum"/>
        <relation>=</relation>
        <measure rdf:datatype="http://www.w3.org/2001/XMLSchema#float">0.0</measure>
      </Cell>
    </map>
    <map>
      <Cell>
        <entity1 rdf:resource="http://dbpedia.org/resource/Rembrandt_House_Museum"/>
        <entity2 rdf:resource="http://data.krw.d2s.labs.vu.nl/group6/findaslot/resource/Rembrandthuis"/>
        <relation>=</relation>
        <measure rdf:datatype="http://www.w3.org/2001/XMLSchema#float">0.0</measure>
      </Cell>
    </map>
    <map>
      <Cell>
        <entity1 rdf:resource="http://data.krw.d2s.labs.vu.nl/group15/resource/activity_013badb5-a4fc-4718-9d6d-5257151782b8"/>
        <entity2 rdf:resource="http://data.krw.d2s.labs.vu.nl/group6/findaslot/resource/Zaans_Museum_en_Verkade_Paviljoen"/>
        <relation>=</relation>
        <measure rdf:datatype="http://www.w3.org/2001/XMLSchema#float">0.0</measure>
      </Cell>
    </map>
    <map>
      <Cell>
        <entity1 rdf:resource="http://data.krw.d2s.labs.vu.nl/group15/resource/activity_51de3be4-abaf-4ebe-87b8-53a4ed364873"/>
        <entity2 rdf:resource="http://data.krw.d2s.labs.vu.nl/group6/findaslot/resource/Eduard_Planting_Galerie"/>
        <relation>=</relation>
        <measure rdf:datatype="http://www.w3.org/2001/XMLSchema#float">0.0</measure>
      </Cell>
    </map>
    <map>
      <Cell>
        <entity1 rdf:resource="http://data.krw.d2s.labs.vu.nl/group15/resource/activity_9579b782-bb71-4027-b1e7-5d15e6035c77"/>
        <entity2 rdf:resource="http://data.krw.d2s.labs.vu.nl/group6/findaslot/resource/De_Nieuwe_Kerk_Amsterdam"/>
        <relation>=</relation>
        <measure rdf:datatype="http://www.w3.org/2001/XMLSchema#float">0.0</measure>
      </Cell>
    </map>
    <map>
      <Cell>
        <entity1 rdf:resource="http://data.krw.d2s.labs.vu.nl/group15/resource/activity_0768be79-5876-4808-a2af-c875c38f9867"/>
        <entity2 rdf:resource="http://data.krw.d2s.labs.vu.nl/group6/findaslot/resource/Ford_Museum_den_Hartogh"/>
        <relation>=</relation>
        <measure rdf:datatype="http://www.w3.org/2001/XMLSchema#float">0.0</measure>
      </Cell>
    </map>
    <map>
      <Cell>
        <entity1 rdf:resource="http://data.krw.d2s.labs.vu.nl/group15/resource/activity_2aa4270d-1b55-43ee-a71d-05bf0417df53"/>
        <entity2 rdf:resource="http://data.krw.d2s.labs.vu.nl/group6/findaslot/resource/Zaanse_Schans"/>
        <relation>=</relation>
        <measure rdf:datatype="http://www.w3.org/2001/XMLSchema#float">0.0</measure>
      </Cell>
    </map>
    <map>
      <Cell>
        <entity1 rdf:resource="http://data.krw.d2s.labs.vu.nl/group15/resource/activity_b7359e1f-3ee9-44b9-a9f1-4c9571a8755c"/>
        <entity2 rdf:resource="http://data.krw.d2s.labs.vu.nl/group6/findaslot/resource/Morren_Galleries"/>
        <relation>=</relation>
        <measure rdf:datatype="http://www.w3.org/2001/XMLSchema#float">0.0</measure>
      </Cell>
    </map>
    <map>
      <Cell>
        <entity1 rdf:resource="http://data.krw.d2s.labs.vu.nl/group15/resource/activity_f5c9eca6-6ecb-4fee-8e8a-5a2b2d0a3d72"/>
        <entity2 rdf:resource="http://data.krw.d2s.labs.vu.nl/group6/findaslot/resource/Annet_Gelink_Gallery"/>
        <relation>=</relation>
        <measure rdf:datatype="http://www.w3.org/2001/XMLSchema#float">0.0</measure>
      </Cell>
    </map>
    <map>
      <Cell>
        <entity1 rdf:resource="http://data.krw.d2s.labs.vu.nl/group15/resource/activity_460d7921-1fba-42a6-9c9a-b8fc15c1b48e"/>
        <entity2 rdf:resource="http://data.krw.d2s.labs.vu.nl/group6/findaslot/resource/Museum_of_Medieval_Torture_Instruments"/>
        <relation>=</relation>
        <measure rdf:datatype="http://www.w3.org/2001/XMLSchema#float">0.0</measure>
      </Cell>
    </map>
    <map>
      <Cell>
        <entity1 rdf:resource="http://data.krw.d2s.labs.vu.nl/group15/resource/activity_2b74c15d-64fc-415f-8b90-dc7fed521558"/>
        <entity2 rdf:resource="http://data.krw.d2s.labs.vu.nl/group6/findaslot/resource/Hollanders_van_de_Gouden_Eeuw"/>
        <relation>=</relation>
        <measure rdf:datatype="http://www.w3.org/2001/XMLSchema#float">0.0</measure>
      </Cell>
    </map>
    <map>
      <Cell>
        <entity1 rdf:resource="http://data.krw.d2s.labs.vu.nl/group15/resource/activity_2fa2a483-d07c-4f3c-8968-151a377ab4fe"/>
        <entity2 rdf:resource="http://data.krw.d2s.labs.vu.nl/group6/findaslot/resource/CBK_Zuidoost"/>
        <relation>=</relation>
        <measure rdf:datatype="http://www.w3.org/2001/XMLSchema#float">0.0</measure>
      </Cell>
    </map>
    <map>
      <Cell>
        <entity1 rdf:resource="http://data.krw.d2s.labs.vu.nl/group15/resource/activity_ee20f723-b2eb-4d72-9485-10020cad4809"/>
        <entity2 rdf:resource="http://data.krw.d2s.labs.vu.nl/group6/findaslot/resource/New_Art_space_Amsterdam"/>
        <relation>=</relation>
        <measure rdf:datatype="http://www.w3.org/2001/XMLSchema#float">0.0</measure>
      </Cell>
    </map>
    <map>
      <Cell>
        <entity1 rdf:resource="http://data.krw.d2s.labs.vu.nl/group15/resource/activity_ace90f33-5b52-450d-87ba-274dc3cae4be"/>
        <entity2 rdf:resource="http://data.krw.d2s.labs.vu.nl/group6/findaslot/resource/P//////AKT_Project_Space"/>
        <relation>=</relation>
        <measure rdf:datatype="http://www.w3.org/2001/XMLSchema#float">0.0</measure>
      </Cell>
    </map>
    <map>
      <Cell>
        <entity1 rdf:resource="http://data.krw.d2s.labs.vu.nl/group15/resource/activity_90bfb566-0ce4-4ab6-b433-70a4cb610e32"/>
        <entity2 rdf:resource="http://data.krw.d2s.labs.vu.nl/group6/findaslot/resource/Galerie_Sous-Terre"/>
        <relation>=</relation>
        <measure rdf:datatype="http://www.w3.org/2001/XMLSchema#float">0.0</measure>
      </Cell>
    </map>
    <map>
      <Cell>
        <entity1 rdf:resource="http://data.krw.d2s.labs.vu.nl/group15/resource/activity_bc9ae864-e6dd-4ac1-b0b2-790961b96ae5"/>
        <entity2 rdf:resource="http://data.krw.d2s.labs.vu.nl/group6/findaslot/resource/Aviodrome"/>
        <relation>=</relation>
        <measure rdf:datatype="http://www.w3.org/2001/XMLSchema#float">0.0</measure>
      </Cell>
    </map>
    <map>
      <Cell>
        <entity1 rdf:resource="http://data.krw.d2s.labs.vu.nl/group15/resource/activity_81299fb9-db2a-44ab-b5fa-eb9148c06308"/>
        <entity2 rdf:resource="http://data.krw.d2s.labs.vu.nl/group6/findaslot/resource/Bataviawerf_Lelystad"/>
        <relation>=</relation>
        <measure rdf:datatype="http://www.w3.org/2001/XMLSchema#float">0.0</measure>
      </Cell>
    </map>
    <map>
      <Cell>
        <entity1 rdf:resource="http://dbpedia.org/resource/Pijpenkabinet_&amp;_Smokiana"/>
        <entity2 rdf:resource="http://data.krw.d2s.labs.vu.nl/group6/findaslot/resource/Amsterdam_Pipe_Museum"/>
        <relation>=</relation>
        <measure rdf:datatype="http://www.w3.org/2001/XMLSchema#float">0.0</measure>
      </Cell>
    </map>
    <map>
      <Cell>
        <entity1 rdf:resource="http://data.krw.d2s.labs.vu.nl/group15/resource/activity_71aa0732-99a1-4c27-abaa-62d81a43a8b1"/>
        <entity2 rdf:resource="http://data.krw.d2s.labs.vu.nl/group6/findaslot/resource/Het_Scheepvaartmuseum_Amsterdam"/>
        <relation>=</relation>
        <measure rdf:datatype="http://www.w3.org/2001/XMLSchema#float">0.0</measure>
      </Cell>
    </map>
    <map>
      <Cell>
        <entity1 rdf:resource="http://data.krw.d2s.labs.vu.nl/group15/resource/activity_73f3bd47-50b1-49d2-979c-733f11aedb96"/>
        <entity2 rdf:resource="http://data.krw.d2s.labs.vu.nl/group6/findaslot/resource/Schuttersgalerij"/>
        <relation>=</relation>
        <measure rdf:datatype="http://www.w3.org/2001/XMLSchema#float">0.0</measure>
      </Cell>
    </map>
    <map>
      <Cell>
        <entity1 rdf:resource="http://data.krw.d2s.labs.vu.nl/group15/resource/activity_3def6b0e-ed35-44aa-80c9-86220dcd2c10"/>
        <entity2 rdf:resource="http://data.krw.d2s.labs.vu.nl/group6/findaslot/resource/De_Portretwinkel"/>
        <relation>=</relation>
        <measure rdf:datatype="http://www.w3.org/2001/XMLSchema#float">0.0</measure>
      </Cell>
    </map>
    <map>
      <Cell>
        <entity1 rdf:resource="http://dbpedia.org/resource/Escher_Museum"/>
        <entity2 rdf:resource="http://data.krw.d2s.labs.vu.nl/group6/findaslot/resource/Escher_in_het_Paleis"/>
        <relation>=</relation>
        <measure rdf:datatype="http://www.w3.org/2001/XMLSchema#float">0.0</measure>
      </Cell>
    </map>
    <map>
      <Cell>
        <entity1 rdf:resource="http://data.krw.d2s.labs.vu.nl/group15/resource/activity_2ba2fa84-b735-4f8c-91c5-a2c7ded1b57d"/>
        <entity2 rdf:resource="http://data.krw.d2s.labs.vu.nl/group6/findaslot/resource/EYE_Filmmuseum"/>
        <relation>=</relation>
        <measure rdf:datatype="http://www.w3.org/2001/XMLSchema#float">0.0</measure>
      </Cell>
    </map>
    <map>
      <Cell>
        <entity1 rdf:resource="http://data.krw.d2s.labs.vu.nl/group15/resource/activity_946243ec-e37e-413d-a80e-99409d4ffb8a"/>
        <entity2 rdf:resource="http://data.krw.d2s.labs.vu.nl/group6/findaslot/resource/Museumwinkel_Albert_Heijn"/>
        <relation>=</relation>
        <measure rdf:datatype="http://www.w3.org/2001/XMLSchema#float">0.0</measure>
      </Cell>
    </map>
    <map>
      <Cell>
        <entity1 rdf:resource="http://data.krw.d2s.labs.vu.nl/group15/resource/activity_926fa07b-8be5-498e-8c42-677b8e22c67b"/>
        <entity2 rdf:resource="http://data.krw.d2s.labs.vu.nl/group6/findaslot/resource/Red_Light_Secrets"/>
        <relation>=</relation>
        <measure rdf:datatype="http://www.w3.org/2001/XMLSchema#float">0.0</measure>
      </Cell>
    </map>
    <map>
      <Cell>
        <entity1 rdf:resource="http://data.krw.d2s.labs.vu.nl/group15/resource/activity_fa9244a3-0145-4b79-bc7d-fd79d39bdcc7"/>
        <entity2 rdf:resource="http://data.krw.d2s.labs.vu.nl/group6/findaslot/resource/Museum_Zaanse_Tijd"/>
        <relation>=</relation>
        <measure rdf:datatype="http://www.w3.org/2001/XMLSchema#float">0.0</measure>
      </Cell>
    </map>
  </Alignment>
</rdf:RDF>
