<Interlink id="link-events-real-g15">
        <SourceDataset dataSource="group15" var="a" typeUri="">
        <RestrictTo>
          
        </RestrictTo>
      </SourceDataset>
        <TargetDataset dataSource="find-a-slot" var="b" typeUri="">
        <RestrictTo>
          
        </RestrictTo>
      </TargetDataset>
        <LinkageRule linkType="&lt;http://www.w3.org/2002/07/owl#sameAs&gt;">
        <Aggregate id="average1" required="false" weight="1" type="average">
            <Compare id="levenshteinDistance1" required="true" weight="1" metric="levenshteinDistance" threshold="0.0" indexing="true">
            <Input id="sourcePath1" path="/&lt;http://www.w3.org/2000/01/rdf-schema#label&gt;"/><Input id="targetPath1" path="/&lt;http://www.w3.org/2000/01/rdf-schema#label&gt;"/><Param name="minChar" value="0"/><Param name="maxChar" value="z"/>
          </Compare><Compare id="levenshteinDistance2" required="true" weight="1" metric="levenshteinDistance" threshold="0.0" indexing="true">
            <Input id="sourcePath2" path="/&lt;http://schema.org/location&gt;/&lt;http://schema.org/streetAddress&gt;"/><Input id="targetPath2" path="/&lt;http://data.krw.d2s.labs.vu.nl/group6/findaslot/vocab/hasVenue&gt;/&lt;http://dbpedia.org/ontology/location&gt;/&lt;http://dbpedia.org/ontology/address&gt;"/><Param name="minChar" value="0"/><Param name="maxChar" value="z"/>
          </Compare>
          </Aggregate>
        <Filter/>
      </LinkageRule>
        <Outputs>
          <Output id="output"></Output>
        </Outputs>
      </Interlink>