<Pair>
  <Source>
    <EntityDescription>
      <Type></Type>
      <Restriction></Restriction>
      <Paths>
        <Path>/&lt;http://www.w3.org/2000/01/rdf-schema#label&gt;</Path>
        <Path>/&lt;http://schema.org/location&gt;/&lt;http://schema.org/streetAddress&gt;</Path>
      </Paths>
    </EntityDescription>
  </Source>
  <Target>
    <EntityDescription>
      <Type></Type>
      <Restriction></Restriction>
      <Paths>
        <Path>/&lt;http://www.w3.org/2000/01/rdf-schema#label&gt;</Path>
        <Path>/&lt;http://data.krw.d2s.labs.vu.nl/group6/findaslot/vocab/hasVenue&gt;/&lt;http://dbpedia.org/ontology/location&gt;/&lt;http://dbpedia.org/ontology/address&gt;</Path>
      </Paths>
    </EntityDescription>
  </Target>
</Pair>
