<Entities>
  <Pair>
    <Source>
      <EntityDescription>
        <Type></Type>
        <Restriction></Restriction>
        <Paths>
          <Path>/&lt;http://www.w3.org/2000/01/rdf-schema#label&gt;</Path>
          <Path>/&lt;http://schema.org/location&gt;/&lt;http://schema.org/streetAddress&gt;</Path>
        </Paths>
      </EntityDescription>
    </Source>
    <Target>
      <EntityDescription>
        <Type></Type>
        <Restriction></Restriction>
        <Paths>
          <Path>/&lt;http://www.w3.org/2000/01/rdf-schema#label&gt;</Path>
          <Path>/&lt;http://data.krw.d2s.labs.vu.nl/group6/findaslot/vocab/hasVenue&gt;/&lt;http://dbpedia.org/ontology/location&gt;/&lt;http://dbpedia.org/ontology/address&gt;</Path>
        </Paths>
      </EntityDescription>
    </Target>
  </Pair>
  <SourceEntities>
    <Entity uri="http://data.krw.d2s.labs.vu.nl/group15/resource/activity_fe0a820c-5258-49af-8bbd-449ee4d4c241">
      <Val>
        <e>Het Zuiderzeemuseum</e>
        <e>Het Zuiderzeemuseum</e>
      </Val>
      <Val>
        <e>Wierdijk 12-22</e>
      </Val>
    </Entity>
    <Entity uri="http://data.krw.d2s.labs.vu.nl/group15/resource/activity_b1cea8fe-962c-4527-835f-6f4237d18830">
      <Val>
        <e>Maatschappij Arti et Amicitiae (art society)</e>
        <e>Maatschappij Arti et Amicitiae</e>
      </Val>
      <Val>
        <e>Rokin 112</e>
      </Val>
    </Entity>
    <Entity uri="http://dbpedia.org/resource/Ons'_Lieve_Heer_op_Solder">
      <Val>
        <e>Museum Ons? Lieve Heer op Solder</e>
        <e>Museum Ons' Lieve Heer op Solder</e>
      </Val>
      <Val>
        <e>Oudezijds Voorburgwal 38</e>
      </Val>
    </Entity>
    <Entity uri="http://data.krw.d2s.labs.vu.nl/group15/resource/activity_81299fb9-db2a-44ab-b5fa-eb9148c06308">
      <Val>
        <e>Bataviawerf Lelystad</e>
        <e>Bataviawerf Lelystad</e>
      </Val>
      <Val>
        <e>Oostvaardersdijk 1-9</e>
      </Val>
    </Entity>
    <Entity uri="http://data.krw.d2s.labs.vu.nl/group15/resource/activity_748052f6-1457-42e9-b686-184f434bc2b0">
      <Val>
        <e>Framer Framed</e>
        <e>Framer Framed</e>
      </Val>
      <Val>
        <e>IJpromenade 2</e>
      </Val>
    </Entity>
    <Entity uri="http://dbpedia.org/resource/Hermitage_Amsterdam">
      <Val>
        <e>Hermitage Amsterdam</e>
        <e>Hermitage Amsterdam</e>
      </Val>
      <Val>
        <e>Amstel 51</e>
      </Val>
    </Entity>
    <Entity uri="http://dbpedia.org/resource/Escher_Museum">
      <Val>
        <e>Escher in the Palace</e>
        <e>Escher in het Paleis</e>
      </Val>
      <Val>
        <e>Lange Voorhout 74</e>
      </Val>
    </Entity>
    <Entity uri="http://data.krw.d2s.labs.vu.nl/group15/resource/activity_ace90f33-5b52-450d-87ba-274dc3cae4be">
      <Val>
        <e>P//////AKT Project Space</e>
        <e>P//////AKT Project Space</e>
      </Val>
      <Val>
        <e>Zeeburgerpad 53</e>
      </Val>
    </Entity>
    <Entity uri="http://dbpedia.org/resource/Foam_Fotografiemuseum_Amsterdam">
      <Val>
        <e>Foam</e>
        <e>Foam Fotografiemuseum Amsterdam</e>
      </Val>
      <Val>
        <e>Keizersgracht 609</e>
      </Val>
    </Entity>
    <Entity uri="http://data.krw.d2s.labs.vu.nl/group15/resource/activity_257044c1-dc5b-47fd-9db2-349220309326">
      <Val>
        <e>Amsterdam Tulip Museum</e>
        <e>Amsterdam Tulip Museum</e>
      </Val>
      <Val>
        <e>Prinsengracht 116</e>
      </Val>
    </Entity>
    <Entity uri="http://data.krw.d2s.labs.vu.nl/group15/resource/activity_90bfb566-0ce4-4ab6-b433-70a4cb610e32">
      <Val>
        <e>Galerie Sous-Terre</e>
        <e>Galerie Sous-Terre</e>
      </Val>
      <Val>
        <e>Kudelstaartseweg 1</e>
      </Val>
    </Entity>
    <Entity uri="http://data.krw.d2s.labs.vu.nl/group15/resource/activity_cda376b6-7147-4ecf-9af3-64fdaa6d468c">
      <Val>
        <e>Galerie Lieve Hemel</e>
        <e>Lieve Hemel</e>
      </Val>
      <Val>
        <e>Nieuwe Spiegelstraat 3</e>
      </Val>
    </Entity>
    <Entity uri="http://dbpedia.org/resource/Pijpenkabinet_&amp;_Smokiana">
      <Val>
        <e>Amsterdam Pipe Museum</e>
        <e>Amsterdam Pipe Museum</e>
      </Val>
      <Val>
        <e>Prinsengracht 488</e>
        <e>Prinsengracht 512</e>
      </Val>
    </Entity>
    <Entity uri="http://data.krw.d2s.labs.vu.nl/group15/resource/activity_3329e497-a157-440c-840f-69307ae362a7">
      <Val>
        <e>Science Center NEMO</e>
        <e>Science Center NEMO</e>
      </Val>
      <Val>
        <e>Oosterdok 2</e>
      </Val>
    </Entity>
    <Entity uri="http://data.krw.d2s.labs.vu.nl/group15/resource/activity_60fdece1-f3d3-43b7-86b3-6d53f9b73111">
      <Val>
        <e>Bunker Museum IJmuiden</e>
        <e>Bunker Museum IJmuiden</e>
      </Val>
      <Val>
        <e>Badweg 38</e>
      </Val>
    </Entity>
    <Entity uri="http://data.krw.d2s.labs.vu.nl/group15/resource/activity_013badb5-a4fc-4718-9d6d-5257151782b8">
      <Val>
        <e>Zaans Museum &amp; Verkade Pavilion</e>
        <e>Zaans Museum en Verkade Paviljoen</e>
      </Val>
      <Val>
        <e>Schansend 7</e>
      </Val>
    </Entity>
    <Entity uri="http://data.krw.d2s.labs.vu.nl/group15/resource/activity_79c2a4bf-577b-4d41-a11b-f365f7fbdd28">
      <Val>
        <e>Rijksakademie van beeldende kunsten (national academy of fine arts)</e>
        <e>Rijksakademie van beeldende kunsten</e>
      </Val>
      <Val>
        <e>Sarphatistraat 470</e>
      </Val>
    </Entity>
    <Entity uri="http://data.krw.d2s.labs.vu.nl/group15/resource/activity_af10b52b-83a8-4fc1-bbd7-a624d7a5c158">
      <Val>
        <e>Palingrokerij Smit Bokkum</e>
        <e>Palingrokerij Smit Bokkum</e>
      </Val>
      <Val>
        <e>Slobbeland 19</e>
      </Val>
    </Entity>
    <Entity uri="http://data.krw.d2s.labs.vu.nl/group15/resource/activity_3def6b0e-ed35-44aa-80c9-86220dcd2c10">
      <Val>
        <e>De Portretwinkel</e>
        <e>De Portretwinkel</e>
      </Val>
      <Val>
        <e>Prinsengracht 572</e>
      </Val>
    </Entity>
    <Entity uri="http://dbpedia.org/resource/Gemeentemuseum_Den_Haag">
      <Val>
        <e>Gemeentemuseum Den Haag</e>
        <e>Gemeentemuseum Den Haag</e>
      </Val>
      <Val>
        <e>Stadhouderslaan 41</e>
      </Val>
    </Entity>
    <Entity uri="http://data.krw.d2s.labs.vu.nl/group15/resource/activity_2fa2a483-d07c-4f3c-8968-151a377ab4fe">
      <Val>
        <e>CBK Zuidoost</e>
        <e>CBK Zuidoost</e>
      </Val>
      <Val>
        <e>Anton de Komplein 120</e>
      </Val>
    </Entity>
    <Entity uri="http://data.krw.d2s.labs.vu.nl/group15/resource/activity_38532236-439e-4b30-a324-b6a0ee3633f0">
      <Val>
        <e>Wim van Krimpen</e>
        <e>Wim van Krimpen</e>
      </Val>
      <Val>
        <e>Hazenstraat 20</e>
      </Val>
    </Entity>
    <Entity uri="http://data.krw.d2s.labs.vu.nl/group15/resource/activity_6724ce68-1ae4-4011-9841-de028f542408">
      <Val>
        <e>Dutch Accent</e>
        <e>Dutch Accent</e>
      </Val>
      <Val>
        <e>Berenstraat 41</e>
        <e>Berenstraat 19</e>
      </Val>
    </Entity>
    <Entity uri="http://data.krw.d2s.labs.vu.nl/group15/resource/activity_29cbeea4-4617-4c27-b895-220cc68496c1">
      <Val>
        <e>Woonbootmuseum</e>
        <e>Woonbootmuseum</e>
      </Val>
      <Val>
        <e>Prinsengracht 296K</e>
      </Val>
    </Entity>
    <Entity uri="http://data.krw.d2s.labs.vu.nl/group15/resource/activity_2b74c15d-64fc-415f-8b90-dc7fed521558">
      <Val>
        <e>Portrait Gallery of the Golden Age</e>
        <e>Hollanders van de Gouden Eeuw</e>
      </Val>
      <Val>
        <e>Amstel 51</e>
      </Val>
    </Entity>
    <Entity uri="http://data.krw.d2s.labs.vu.nl/group15/resource/activity_c07649d4-9d95-468c-94c3-45d0dcb63332">
      <Val>
        <e>Bijbelsmuseum (Biblical Museum)</e>
        <e>Bijbels Museum</e>
      </Val>
      <Val>
        <e>Herengracht 366-368</e>
      </Val>
    </Entity>
    <Entity uri="http://data.krw.d2s.labs.vu.nl/group15/resource/activity_ff2a5d4e-ac09-43f5-be40-bcba15ff3851">
      <Val>
        <e>Amsterdam Cheese Museum</e>
        <e>Amsterdam Cheese Museum</e>
      </Val>
      <Val>
        <e>Prinsengracht 112</e>
        <e>Prinsengracht 114</e>
      </Val>
    </Entity>
    <Entity uri="http://data.krw.d2s.labs.vu.nl/group15/resource/activity_2623593b-52d9-4497-9cec-2ef5dc44f5c2">
      <Val>
        <e>Ateliers Westerdok</e>
        <e>Ateliers Westerdok</e>
      </Val>
      <Val>
        <e>Westerdok 318</e>
      </Val>
    </Entity>
    <Entity uri="http://data.krw.d2s.labs.vu.nl/group15/resource/activity_42f20cd4-9932-45ba-ab6b-0a6bda539f22">
      <Val>
        <e>Verzetsmuseum Junior</e>
        <e>Verzetsmuseum Junior</e>
      </Val>
      <Val>
        <e>Plantage Kerklaan 61</e>
      </Val>
    </Entity>
    <Entity uri="http://data.krw.d2s.labs.vu.nl/group15/resource/activity_7d7b2536-d25a-485b-8a46-dec7d4488ad8">
      <Val>
        <e>Nieuw Land Erfgoedcentrum (New Land Heritage Centre)</e>
        <e>Nieuw Land Erfgoedcentrum</e>
      </Val>
      <Val>
        <e>Oostvaardersdijk 113</e>
      </Val>
    </Entity>
    <Entity uri="http://data.krw.d2s.labs.vu.nl/group15/resource/activity_9069004c-9be7-4b60-b7ca-25a68c5550d5">
      <Val>
        <e>KochxBos</e>
        <e>KochxBos</e>
      </Val>
      <Val>
        <e>Eerste Anjeliersdwarsstraat 36</e>
      </Val>
    </Entity>
    <Entity uri="http://data.krw.d2s.labs.vu.nl/group15/resource/activity_97103d8e-6102-4967-af52-1324b107cc2e">
      <Val>
        <e>Gallery Pien Rademakers</e>
        <e>Galerie Pien Rademakers</e>
      </Val>
      <Val>
        <e>KNSM-Laan 291</e>
      </Val>
    </Entity>
    <Entity uri="http://data.krw.d2s.labs.vu.nl/group15/resource/activity_fa9244a3-0145-4b79-bc7d-fd79d39bdcc7">
      <Val>
        <e>Museum Zaanse Tijd (Zaan Time Museum)</e>
        <e>Museum Zaanse Tijd</e>
      </Val>
      <Val>
        <e>Kalverringdijk 3</e>
      </Val>
    </Entity>
    <Entity uri="http://data.krw.d2s.labs.vu.nl/group15/resource/activity_67c46893-20a0-4647-9c6d-fda96dc5a6da">
      <Val>
        <e>Akinci</e>
        <e>Akinci</e>
      </Val>
      <Val>
        <e>Lijnbaansgracht 317</e>
      </Val>
    </Entity>
    <Entity uri="http://data.krw.d2s.labs.vu.nl/group15/resource/activity_9fb695f6-a3d5-4d32-ab15-509fa8d49e30">
      <Val>
        <e>Anadolu 3D Holography</e>
        <e>Anadolu 3-D Holography</e>
      </Val>
      <Val>
        <e>Oude Hoogstraat 15</e>
      </Val>
    </Entity>
    <Entity uri="http://data.krw.d2s.labs.vu.nl/group15/resource/activity_b92dc3c4-c4ff-461a-b53d-da18e468b153">
      <Val>
        <e>Galerie Mokum</e>
        <e>Galerie Mokum</e>
      </Val>
      <Val>
        <e>Oudezijds Voorburgwal 334</e>
      </Val>
    </Entity>
    <Entity uri="http://data.krw.d2s.labs.vu.nl/group15/resource/activity_21c18f9c-f2c6-461d-bae8-953d5f0339fb">
      <Val>
        <e>Volendams Museum</e>
        <e>Volendams Museum</e>
      </Val>
      <Val>
        <e>Zeestraat 41</e>
      </Val>
    </Entity>
    <Entity uri="http://data.krw.d2s.labs.vu.nl/group15/resource/activity_77f6b43a-8e08-44b5-9462-10f8cc12f4e4">
      <Val>
        <e>Portrait Gallery of the Golden Age</e>
        <e>Hollanders van de Gouden Eeuw</e>
      </Val>
      <Val>
        <e>Amstel 51</e>
      </Val>
    </Entity>
    <Entity uri="http://data.krw.d2s.labs.vu.nl/group15/resource/activity_721ccae6-80e8-459f-9590-85a77751febc">
      <Val>
        <e>Stichting WG Kunst (art foundation)</e>
        <e>Stichting WG-Kunst</e>
      </Val>
      <Val>
        <e>M v Bouwdk Bastiaansestr 28</e>
      </Val>
    </Entity>
    <Entity uri="http://data.krw.d2s.labs.vu.nl/group15/resource/activity_926fa07b-8be5-498e-8c42-677b8e22c67b">
      <Val>
        <e>Red Light Secrets</e>
        <e>Red Light Secrets</e>
      </Val>
      <Val>
        <e>Oudezijds Achterburgwal 60H</e>
      </Val>
    </Entity>
    <Entity uri="http://data.krw.d2s.labs.vu.nl/group15/resource/activity_22f1d636-3f20-49c4-93e3-44210721ab09">
      <Val>
        <e>Gallery Paul Andriesse</e>
        <e>Galerie Paul Andriesse</e>
      </Val>
      <Val>
        <e>Westerstraat 187</e>
      </Val>
    </Entity>
    <Entity uri="http://data.krw.d2s.labs.vu.nl/group15/resource/activity_f491d6c3-9d87-4b9e-acab-ea25707d43d1">
      <Val>
        <e>Ripley's Believe it or Not</e>
        <e>Ripley's Believe it or Not</e>
      </Val>
      <Val>
        <e>Dam 21</e>
      </Val>
    </Entity>
    <Entity uri="http://dbpedia.org/resource/Rijksmuseum">
      <Val>
        <e>Rijksmuseum</e>
        <e>Rijksmuseum</e>
      </Val>
      <Val>
        <e>Museumstraat 1</e>
      </Val>
    </Entity>
    <Entity uri="http://data.krw.d2s.labs.vu.nl/group15/resource/activity_40c3617a-f679-43a2-9fec-0fe661fdf798">
      <Val>
        <e>Beurs van Berlage</e>
        <e>Beurs van Berlage</e>
      </Val>
      <Val>
        <e>Damrak 243</e>
      </Val>
    </Entity>
    <Entity uri="http://data.krw.d2s.labs.vu.nl/group15/resource/activity_eb62f7d7-1076-4982-83f3-3db8e9ceecf7">
      <Val>
        <e>de Glaswerkplaats</e>
        <e>de Glaswerkplaats</e>
      </Val>
      <Val>
        <e>Berenstraat 41</e>
      </Val>
    </Entity>
    <Entity uri="http://data.krw.d2s.labs.vu.nl/group15/resource/activity_a7b5f98d-d4f1-46e8-913f-902629d0bdae">
      <Val>
        <e>Het Spoorwegmuseum Utrecht</e>
        <e>Het Spoorwegmuseum Utrecht</e>
      </Val>
      <Val>
        <e>Hugo de Grootstraat 16</e>
      </Val>
    </Entity>
    <Entity uri="http://data.krw.d2s.labs.vu.nl/group15/resource/activity_37be150c-c699-42ad-b591-2b4d7cfdf9f1">
      <Val>
        <e>5&amp;33 Kunstgalerij</e>
        <e>5&amp;33 Kunstgalerij</e>
      </Val>
      <Val>
        <e>Martelaarsgracht</e>
        <e>Martelaarsgracht 5</e>
      </Val>
    </Entity>
    <Entity uri="http://dbpedia.org/resource/Rembrandt_House_Museum">
      <Val>
        <e>Rembrandt House Museum</e>
        <e>Rembrandthuis</e>
      </Val>
      <Val>
        <e>Jodenbreestraat 4</e>
      </Val>
    </Entity>
    <Entity uri="http://data.krw.d2s.labs.vu.nl/group15/resource/activity_9d29203b-385e-464a-b6ff-aff865e70449">
      <Val>
        <e>Fons Welters</e>
        <e>Fons Welters</e>
      </Val>
      <Val>
        <e>Bloemstraat 140</e>
      </Val>
    </Entity>
    <Entity uri="http://data.krw.d2s.labs.vu.nl/group15/resource/activity_0409c302-180b-4292-8678-fc40957dbe39">
      <Val>
        <e>Radar Architecture &amp; Art</e>
        <e>Radar Architecture &amp; Art</e>
      </Val>
      <Val>
        <e>Eerste Rozendwarsstraat 17</e>
      </Val>
    </Entity>
    <Entity uri="http://data.krw.d2s.labs.vu.nl/group15/resource/activity_bc9ae864-e6dd-4ac1-b0b2-790961b96ae5">
      <Val>
        <e>Aviodrome</e>
        <e>Aviodrome</e>
      </Val>
      <Val>
        <e>Pelikaanweg 50</e>
      </Val>
    </Entity>
    <Entity uri="http://data.krw.d2s.labs.vu.nl/group15/resource/activity_1272b667-b6f7-4470-8a63-0627fd6f174c">
      <Val>
        <e>Cromhouthuis</e>
        <e>Cromhouthuis</e>
      </Val>
      <Val>
        <e>Herengracht 366-368</e>
      </Val>
    </Entity>
    <Entity uri="http://data.krw.d2s.labs.vu.nl/group15/resource/activity_57002f54-c421-4677-91f2-b3a0a17b9f2e">
      <Val>
        <e>Foam Editions</e>
        <e>Foam Editions</e>
      </Val>
      <Val>
        <e>Vijzelstraat 78</e>
      </Val>
    </Entity>
    <Entity uri="http://data.krw.d2s.labs.vu.nl/group15/resource/activity_73f3bd47-50b1-49d2-979c-733f11aedb96">
      <Val>
        <e>Civic Guards Gallery</e>
        <e>Schuttersgalerij</e>
      </Val>
      <Val>
        <e>Kalverstraat 92</e>
      </Val>
    </Entity>
    <Entity uri="http://data.krw.d2s.labs.vu.nl/group15/resource/activity_c81195b9-f08b-4af9-8293-fb43156d0daf">
      <Val>
        <e>Het Waterlands Museum</e>
        <e>Het Waterlands Museum</e>
      </Val>
      <Val>
        <e>Kaasmarkt 16</e>
      </Val>
    </Entity>
    <Entity uri="http://data.krw.d2s.labs.vu.nl/group15/resource/activity_1c3e48fd-4e7a-4dc7-bd4f-de5da51893f4">
      <Val>
        <e>Van Zoetendaal Photography</e>
        <e>Van Zoetendaal Photography</e>
      </Val>
      <Val>
        <e>Oudeschans 67F</e>
      </Val>
    </Entity>
    <Entity uri="http://data.krw.d2s.labs.vu.nl/group15/resource/activity_2ba2fa84-b735-4f8c-91c5-a2c7ded1b57d">
      <Val>
        <e>EYE Filmmuseum</e>
        <e>EYE Filmmuseum</e>
      </Val>
      <Val>
        <e>IJpromenade 1</e>
      </Val>
    </Entity>
    <Entity uri="http://data.krw.d2s.labs.vu.nl/group15/resource/activity_aa5732dd-c683-4c3a-a7be-915bc71db824">
      <Val>
        <e>Purmerends Museum</e>
        <e>Purmerends Museum</e>
      </Val>
      <Val>
        <e>Kaasmarkt 20</e>
      </Val>
    </Entity>
    <Entity uri="http://data.krw.d2s.labs.vu.nl/group15/resource/activity_f32eac5f-90ad-4be8-b6a3-374ad46e91fe">
      <Val>
        <e>Czar Peter House</e>
        <e>Czaar Peterhuisje</e>
      </Val>
      <Val>
        <e>Krimp 23</e>
      </Val>
    </Entity>
    <Entity uri="http://data.krw.d2s.labs.vu.nl/group15/resource/activity_239857d7-ebfe-4cd2-8a15-a6d38c1f5b59">
      <Val>
        <e>Atelier Gerard van Hulzen</e>
        <e>Atelier Gerard van Hulzen</e>
      </Val>
      <Val>
        <e>Grevelingen 62-64</e>
      </Val>
    </Entity>
    <Entity uri="http://data.krw.d2s.labs.vu.nl/group15/resource/activity_22400825-5f93-4511-a689-7c76d3bfdca5">
      <Val>
        <e>Outsider Art Museum</e>
        <e>Outsider Art Museum</e>
      </Val>
      <Val>
        <e>Amstel 51</e>
      </Val>
    </Entity>
    <Entity uri="http://data.krw.d2s.labs.vu.nl/group15/resource/activity_8641ca9b-4e5e-4a54-8d35-b8abb22d9414">
      <Val>
        <e>IJmuider Zee en Havenmuseum</e>
        <e>Zee-en Havenmuseum</e>
      </Val>
      <Val>
        <e>Havenkade 55</e>
      </Val>
    </Entity>
    <Entity uri="http://data.krw.d2s.labs.vu.nl/group15/resource/activity_ee20f723-b2eb-4d72-9485-10020cad4809">
      <Val>
        <e>New Art space Amsterdam</e>
        <e>New Art space Amsterdam</e>
      </Val>
      <Val>
        <e>Arie Biemondstraat 101</e>
      </Val>
    </Entity>
    <Entity uri="http://data.krw.d2s.labs.vu.nl/group15/resource/activity_99683cdc-93bf-4f26-8189-ceb1e9b24dd3">
      <Val>
        <e>Verzetsmuseum Junior</e>
        <e>Dutch Resistance Museum Junior</e>
      </Val>
      <Val>
        <e>Plantage Kerklaan 61</e>
      </Val>
    </Entity>
    <Entity uri="http://data.krw.d2s.labs.vu.nl/group15/resource/activity_b7359e1f-3ee9-44b9-a9f1-4c9571a8755c">
      <Val>
        <e>Morren Galleries</e>
        <e>Morren Galleries</e>
      </Val>
      <Val>
        <e>Prinsengracht 572</e>
      </Val>
    </Entity>
    <Entity uri="http://data.krw.d2s.labs.vu.nl/group15/resource/activity_f5c9eca6-6ecb-4fee-8e8a-5a2b2d0a3d72">
      <Val>
        <e>Annet Gelink Gallery</e>
        <e>Annet Gelink Gallery</e>
      </Val>
      <Val>
        <e>Laurierstraat 187-189</e>
      </Val>
    </Entity>
    <Entity uri="http://data.krw.d2s.labs.vu.nl/group15/resource/activity_fe7b7dba-c768-4713-8802-043f580d5dec">
      <Val>
        <e>Museum 'De Zwarte Tulp'</e>
        <e>Museum De Zwarte Tulp</e>
      </Val>
      <Val>
        <e>Heereweg 219</e>
      </Val>
    </Entity>
    <Entity uri="http://data.krw.d2s.labs.vu.nl/group15/resource/activity_0768be79-5876-4808-a2af-c875c38f9867">
      <Val>
        <e>Ford Museum den Hartogh</e>
        <e>Ford Museum den Hartogh</e>
      </Val>
      <Val>
        <e>Haarlemmerstraat 36</e>
      </Val>
    </Entity>
    <Entity uri="http://data.krw.d2s.labs.vu.nl/group15/resource/activity_51de3be4-abaf-4ebe-87b8-53a4ed364873">
      <Val>
        <e>Eduard Planting Gallery</e>
        <e>Eduard Planting Galerie</e>
      </Val>
      <Val>
        <e>Eerste Bloemdwarsstraat 2</e>
      </Val>
    </Entity>
    <Entity uri="http://data.krw.d2s.labs.vu.nl/group15/resource/activity_f9dad757-0bfc-4813-9028-285f8fe70562">
      <Val>
        <e>Kunstuitleen en Galerie Timeless</e>
        <e>Kunstuitleen en Galerie Timeless</e>
      </Val>
      <Val>
        <e>Ondernemingsweg 45</e>
      </Val>
    </Entity>
    <Entity uri="http://data.krw.d2s.labs.vu.nl/group15/resource/activity_fb65088a-b254-45ec-9574-88245ae170c9">
      <Val>
        <e>Honig Breethuis</e>
        <e>Honig Breethuis</e>
      </Val>
      <Val>
        <e>Lagedijk 80</e>
      </Val>
    </Entity>
    <Entity uri="http://data.krw.d2s.labs.vu.nl/group15/resource/activity_9579b782-bb71-4027-b1e7-5d15e6035c77">
      <Val>
        <e>De Nieuwe Kerk</e>
        <e>De Nieuwe Kerk Amsterdam</e>
      </Val>
      <Val>
        <e>Dam</e>
        <e>Dam 11</e>
        <e>Dam 15</e>
        <e>Dam 3-7</e>
      </Val>
    </Entity>
    <Entity uri="http://data.krw.d2s.labs.vu.nl/group15/resource/activity_787d68da-e0ac-4a39-8ae5-09784458f728">
      <Val>
        <e>Amsterdam Tattoo Museum</e>
        <e>Amsterdam Tattoo Museum</e>
      </Val>
      <Val>
        <e>Van Woustraat 78HS</e>
      </Val>
    </Entity>
    <Entity uri="http://data.krw.d2s.labs.vu.nl/group15/resource/activity_4ca63430-9e3f-4908-bb0f-c7d5b94a59f3">
      <Val>
        <e>In de Gecroonde Duyvekater Bakery Museum</e>
        <e>Bakkerij Museum 'In de Gecroonde Duyvekater'</e>
      </Val>
      <Val>
        <e>Zeilenmakerspad 4</e>
      </Val>
    </Entity>
    <Entity uri="http://data.krw.d2s.labs.vu.nl/group15/resource/activity_a01d8d50-e20c-4b56-a7d4-e88248b3640a">
      <Val>
        <e>De Appel arts centre</e>
        <e>De Appel arts centre</e>
      </Val>
      <Val>
        <e>Prins Hendrikkade 142</e>
      </Val>
    </Entity>
    <Entity uri="http://data.krw.d2s.labs.vu.nl/group15/resource/activity_7ce03e1c-0f75-4b9d-82c9-384fc6bc5a5d">
      <Val>
        <e>Pieter Vermeulen Museum</e>
        <e>Pieter Vermeulen Museum</e>
      </Val>
      <Val>
        <e>Driehuizerkerkweg 34d</e>
      </Val>
    </Entity>
    <Entity uri="http://data.krw.d2s.labs.vu.nl/group15/resource/activity_c0f82af6-5e72-40fd-b430-de8d847f8fe4">
      <Val>
        <e>w139</e>
        <e>w139</e>
      </Val>
      <Val>
        <e>Warmoesstraat 139</e>
        <e>Warmoesstraat 135</e>
      </Val>
    </Entity>
    <Entity uri="http://data.krw.d2s.labs.vu.nl/group15/resource/activity_2aa4270d-1b55-43ee-a71d-05bf0417df53">
      <Val>
        <e>Zaanse Schans</e>
        <e>Zaanse Schans</e>
      </Val>
      <Val>
        <e>Schansend 7</e>
      </Val>
    </Entity>
    <Entity uri="http://data.krw.d2s.labs.vu.nl/group15/resource/activity_22c552a0-d5fe-4083-87e7-7cf69be4b935">
      <Val>
        <e>Molenmuseum</e>
        <e>Molenmuseum</e>
      </Val>
      <Val>
        <e>Museumlaan 18</e>
      </Val>
    </Entity>
    <Entity uri="http://data.krw.d2s.labs.vu.nl/group15/resource/activity_7f9a4d6c-c2ec-495f-9bb2-791983a14627">
      <Val>
        <e>Netherlands Institute for Sound and Vision</e>
        <e>Beeld en Geluid</e>
      </Val>
      <Val>
        <e>Media Parkboulevard 1</e>
      </Val>
    </Entity>
    <Entity uri="http://data.krw.d2s.labs.vu.nl/group15/resource/activity_946243ec-e37e-413d-a80e-99409d4ffb8a">
      <Val>
        <e>Museumwinkel Albert Heijn</e>
        <e>Museumwinkel Albert Heijn</e>
      </Val>
      <Val>
        <e>Kalverringdijk 5</e>
      </Val>
    </Entity>
    <Entity uri="http://data.krw.d2s.labs.vu.nl/group15/resource/activity_71aa0732-99a1-4c27-abaa-62d81a43a8b1">
      <Val>
        <e>The National Maritime Museum</e>
        <e>Het Scheepvaartmuseum Amsterdam</e>
      </Val>
      <Val>
        <e>Kattenburgerplein 1</e>
      </Val>
    </Entity>
    <Entity uri="http://dbpedia.org/resource/Van_Gogh_Museum">
      <Val>
        <e>Van Gogh Museum</e>
        <e>Van Gogh Museum</e>
      </Val>
      <Val>
        <e>Museumplein 10</e>
        <e>Museumplein 6</e>
      </Val>
    </Entity>
    <Entity uri="http://data.krw.d2s.labs.vu.nl/group15/resource/activity_460d7921-1fba-42a6-9c9a-b8fc15c1b48e">
      <Val>
        <e>Medieval Torture Museum</e>
        <e>Museum of Medieval Torture Instruments</e>
      </Val>
      <Val>
        <e>Damrak 33</e>
      </Val>
    </Entity>
  </SourceEntities>
  <TargetEntities>
    <Entity uri="http://data.krw.d2s.labs.vu.nl/group6/findaslot/resource/Het_Scheepvaartmuseum_Amsterdam">
      <Val>
        <e>Het Scheepvaartmuseum Amsterdam</e>
      </Val>
      <Val>
        <e>Kattenburgerplein 1</e>
      </Val>
    </Entity>
    <Entity uri="http://data.krw.d2s.labs.vu.nl/group6/findaslot/resource/Amsterdam_Cheese_Museum">
      <Val>
        <e>Amsterdam Cheese Museum</e>
      </Val>
      <Val>
        <e>Prinsengracht 112</e>
      </Val>
    </Entity>
    <Entity uri="http://data.krw.d2s.labs.vu.nl/group6/findaslot/resource/Woonbootmuseum">
      <Val>
        <e>Woonbootmuseum</e>
      </Val>
      <Val>
        <e>Prinsengracht 296K</e>
      </Val>
    </Entity>
    <Entity uri="http://data.krw.d2s.labs.vu.nl/group6/findaslot/resource/Schuttersgalerij">
      <Val>
        <e>Schuttersgalerij</e>
      </Val>
      <Val>
        <e>Kalverstraat 92</e>
      </Val>
    </Entity>
    <Entity uri="http://data.krw.d2s.labs.vu.nl/group6/findaslot/resource/Hermitage_Amsterdam">
      <Val>
        <e>Hermitage Amsterdam</e>
      </Val>
      <Val>
        <e>Amstel 51</e>
      </Val>
    </Entity>
    <Entity uri="http://data.krw.d2s.labs.vu.nl/group6/findaslot/resource/Wim_van_Krimpen">
      <Val>
        <e>Wim van Krimpen</e>
      </Val>
      <Val>
        <e>Hazenstraat 20</e>
      </Val>
    </Entity>
    <Entity uri="http://data.krw.d2s.labs.vu.nl/group6/findaslot/resource/Rijksakademie_van_beeldende_kunsten">
      <Val>
        <e>Rijksakademie van beeldende kunsten</e>
      </Val>
      <Val>
        <e>Sarphatistraat 470</e>
      </Val>
    </Entity>
    <Entity uri="http://data.krw.d2s.labs.vu.nl/group6/findaslot/resource/Beeld_en_Geluid">
      <Val>
        <e>Beeld en Geluid</e>
      </Val>
      <Val>
        <e>Media Parkboulevard 1</e>
      </Val>
    </Entity>
    <Entity uri="http://data.krw.d2s.labs.vu.nl/group6/findaslot/resource/Foam_Editions">
      <Val>
        <e>Foam Editions</e>
      </Val>
      <Val>
        <e>Vijzelstraat 78</e>
      </Val>
    </Entity>
    <Entity uri="http://data.krw.d2s.labs.vu.nl/group6/findaslot/resource/Zee-en_Havenmuseum">
      <Val>
        <e>Zee-en Havenmuseum</e>
      </Val>
      <Val>
        <e>Havenkade 55</e>
      </Val>
    </Entity>
    <Entity uri="http://data.krw.d2s.labs.vu.nl/group6/findaslot/resource/Kunstuitleen_en_Galerie_Timeless">
      <Val>
        <e>Kunstuitleen en Galerie Timeless</e>
      </Val>
      <Val>
        <e>Ondernemingsweg 45</e>
      </Val>
    </Entity>
    <Entity uri="http://data.krw.d2s.labs.vu.nl/group6/findaslot/resource/Galerie_Pien_Rademakers">
      <Val>
        <e>Galerie Pien Rademakers</e>
      </Val>
      <Val>
        <e>KNSM-Laan 291</e>
      </Val>
    </Entity>
    <Entity uri="http://data.krw.d2s.labs.vu.nl/group6/findaslot/resource/Het_Waterlands_Museum">
      <Val>
        <e>Het Waterlands Museum</e>
      </Val>
      <Val>
        <e>Kaasmarkt 16</e>
      </Val>
    </Entity>
    <Entity uri="http://data.krw.d2s.labs.vu.nl/group6/findaslot/resource/Verzetsmuseum_Junior">
      <Val>
        <e>Verzetsmuseum Junior</e>
      </Val>
      <Val>
        <e>Plantage Kerklaan 61</e>
      </Val>
    </Entity>
    <Entity uri="http://data.krw.d2s.labs.vu.nl/group6/findaslot/resource/Amsterdam_Pipe_Museum">
      <Val>
        <e>Amsterdam Pipe Museum</e>
      </Val>
      <Val>
        <e>Prinsengracht 488</e>
      </Val>
    </Entity>
    <Entity uri="http://data.krw.d2s.labs.vu.nl/group6/findaslot/resource/Morren_Galleries">
      <Val>
        <e>Morren Galleries</e>
      </Val>
      <Val>
        <e>Prinsengracht 572</e>
      </Val>
    </Entity>
    <Entity uri="http://data.krw.d2s.labs.vu.nl/group6/findaslot/resource/Museum_Zaanse_Tijd">
      <Val>
        <e>Museum Zaanse Tijd</e>
      </Val>
      <Val>
        <e>Kalverringdijk 3</e>
      </Val>
    </Entity>
    <Entity uri="http://data.krw.d2s.labs.vu.nl/group6/findaslot/resource/Red_Light_Secrets">
      <Val>
        <e>Red Light Secrets</e>
      </Val>
      <Val>
        <e>Oudezijds Achterburgwal 60H</e>
      </Val>
    </Entity>
    <Entity uri="http://data.krw.d2s.labs.vu.nl/group6/findaslot/resource/Akinci">
      <Val>
        <e>Akinci</e>
      </Val>
      <Val>
        <e>Lijnbaansgracht 317</e>
      </Val>
    </Entity>
    <Entity uri="http://data.krw.d2s.labs.vu.nl/group6/findaslot/resource/Beurs_van_Berlage">
      <Val>
        <e>Beurs van Berlage</e>
      </Val>
      <Val>
        <e>Damrak 243</e>
      </Val>
    </Entity>
    <Entity uri="http://data.krw.d2s.labs.vu.nl/group6/findaslot/resource/Czaar_Peterhuisje">
      <Val>
        <e>Czaar Peterhuisje</e>
      </Val>
      <Val>
        <e>Krimp 23</e>
      </Val>
    </Entity>
    <Entity uri="http://data.krw.d2s.labs.vu.nl/group6/findaslot/resource/Rembrandthuis">
      <Val>
        <e>Rembrandthuis</e>
      </Val>
      <Val>
        <e>Jodenbreestraat 4</e>
      </Val>
    </Entity>
    <Entity uri="http://data.krw.d2s.labs.vu.nl/group6/findaslot/resource/Volendams_Museum">
      <Val>
        <e>Volendams Museum</e>
      </Val>
      <Val>
        <e>Zeestraat 41</e>
      </Val>
    </Entity>
    <Entity uri="http://data.krw.d2s.labs.vu.nl/group6/findaslot/resource/Escher_in_het_Paleis">
      <Val>
        <e>Escher in het Paleis</e>
      </Val>
      <Val>
        <e>Lange Voorhout 74</e>
      </Val>
    </Entity>
    <Entity uri="http://data.krw.d2s.labs.vu.nl/group6/findaslot/resource/Galerie_Sous-Terre">
      <Val>
        <e>Galerie Sous-Terre</e>
      </Val>
      <Val>
        <e>Kudelstaartseweg 1</e>
      </Val>
    </Entity>
    <Entity uri="http://data.krw.d2s.labs.vu.nl/group6/findaslot/resource/w139">
      <Val>
        <e>w139</e>
      </Val>
      <Val>
        <e>Warmoesstraat 139</e>
      </Val>
    </Entity>
    <Entity uri="http://data.krw.d2s.labs.vu.nl/group6/findaslot/resource/Bataviawerf_Lelystad">
      <Val>
        <e>Bataviawerf Lelystad</e>
      </Val>
      <Val>
        <e>Oostvaardersdijk 1-9</e>
      </Val>
    </Entity>
    <Entity uri="http://data.krw.d2s.labs.vu.nl/group6/findaslot/resource/Zaans_Museum_en_Verkade_Paviljoen">
      <Val>
        <e>Zaans Museum en Verkade Paviljoen</e>
      </Val>
      <Val>
        <e>Schansend 7</e>
      </Val>
    </Entity>
    <Entity uri="http://data.krw.d2s.labs.vu.nl/group6/findaslot/resource/Dutch_Accent">
      <Val>
        <e>Dutch Accent</e>
      </Val>
      <Val>
        <e>Berenstraat 41</e>
      </Val>
    </Entity>
    <Entity uri="http://data.krw.d2s.labs.vu.nl/group6/findaslot/resource/Ripley's_Believe_it_or_Not">
      <Val>
        <e>Ripley's Believe it or Not</e>
      </Val>
      <Val>
        <e>Dam 21</e>
      </Val>
    </Entity>
    <Entity uri="http://data.krw.d2s.labs.vu.nl/group6/findaslot/resource/KochxBos">
      <Val>
        <e>KochxBos</e>
      </Val>
      <Val>
        <e>Eerste Anjeliersdwarsstraat 36</e>
      </Val>
    </Entity>
    <Entity uri="http://data.krw.d2s.labs.vu.nl/group6/findaslot/resource/Purmerends_Museum">
      <Val>
        <e>Purmerends Museum</e>
      </Val>
      <Val>
        <e>Kaasmarkt 20</e>
      </Val>
    </Entity>
    <Entity uri="http://data.krw.d2s.labs.vu.nl/group6/findaslot/resource/EYE_Filmmuseum">
      <Val>
        <e>EYE Filmmuseum</e>
      </Val>
      <Val>
        <e>IJpromenade 1</e>
      </Val>
    </Entity>
    <Entity uri="http://data.krw.d2s.labs.vu.nl/group6/findaslot/resource/de_Glaswerkplaats">
      <Val>
        <e>de Glaswerkplaats</e>
      </Val>
      <Val>
        <e>Berenstraat 41</e>
      </Val>
    </Entity>
    <Entity uri="http://data.krw.d2s.labs.vu.nl/group6/findaslot/resource/Foam_Fotografiemuseum_Amsterdam">
      <Val>
        <e>Foam Fotografiemuseum Amsterdam</e>
      </Val>
      <Val>
        <e>Keizersgracht 609</e>
      </Val>
    </Entity>
    <Entity uri="http://data.krw.d2s.labs.vu.nl/group6/findaslot/resource/Annet_Gelink_Gallery">
      <Val>
        <e>Annet Gelink Gallery</e>
      </Val>
      <Val>
        <e>Laurierstraat 187-189</e>
      </Val>
    </Entity>
    <Entity uri="http://data.krw.d2s.labs.vu.nl/group6/findaslot/resource/Galerie_Paul_Andriesse">
      <Val>
        <e>Galerie Paul Andriesse</e>
      </Val>
      <Val>
        <e>Westerstraat 187</e>
      </Val>
    </Entity>
    <Entity uri="http://data.krw.d2s.labs.vu.nl/group6/findaslot/resource/Palingrokerij_Smit_Bokkum">
      <Val>
        <e>Palingrokerij Smit Bokkum</e>
      </Val>
      <Val>
        <e>Slobbeland 19</e>
      </Val>
    </Entity>
    <Entity uri="http://data.krw.d2s.labs.vu.nl/group6/findaslot/resource/Eduard_Planting_Galerie">
      <Val>
        <e>Eduard Planting Galerie</e>
      </Val>
      <Val>
        <e>Eerste Bloemdwarsstraat 2</e>
      </Val>
    </Entity>
    <Entity uri="http://data.krw.d2s.labs.vu.nl/group6/findaslot/resource/Zaanse_Schans">
      <Val>
        <e>Zaanse Schans</e>
      </Val>
      <Val>
        <e>Schansend 7</e>
      </Val>
    </Entity>
    <Entity uri="http://data.krw.d2s.labs.vu.nl/group6/findaslot/resource/Bunker_Museum_IJmuiden">
      <Val>
        <e>Bunker Museum IJmuiden</e>
      </Val>
      <Val>
        <e>Badweg 38</e>
      </Val>
    </Entity>
    <Entity uri="http://data.krw.d2s.labs.vu.nl/group6/findaslot/resource/Museum_Ons'_Lieve_Heer_op_Solder">
      <Val>
        <e>Museum Ons' Lieve Heer op Solder</e>
      </Val>
      <Val>
        <e>Oudezijds Voorburgwal 38</e>
      </Val>
    </Entity>
    <Entity uri="http://data.krw.d2s.labs.vu.nl/group6/findaslot/resource/Honig_Breethuis">
      <Val>
        <e>Honig Breethuis</e>
      </Val>
      <Val>
        <e>Lagedijk 80</e>
      </Val>
    </Entity>
    <Entity uri="http://data.krw.d2s.labs.vu.nl/group6/findaslot/resource/Maatschappij_Arti_et_Amicitiae">
      <Val>
        <e>Maatschappij Arti et Amicitiae</e>
      </Val>
      <Val>
        <e>Rokin 112</e>
      </Val>
    </Entity>
    <Entity uri="http://data.krw.d2s.labs.vu.nl/group6/findaslot/resource/De_Appel_arts_centre">
      <Val>
        <e>De Appel arts centre</e>
      </Val>
      <Val>
        <e>Prins Hendrikkade 142</e>
      </Val>
    </Entity>
    <Entity uri="http://data.krw.d2s.labs.vu.nl/group6/findaslot/resource/Van_Zoetendaal_Photography">
      <Val>
        <e>Van Zoetendaal Photography</e>
      </Val>
      <Val>
        <e>Oudeschans 67F</e>
      </Val>
    </Entity>
    <Entity uri="http://data.krw.d2s.labs.vu.nl/group6/findaslot/resource/Galerie_Mokum">
      <Val>
        <e>Galerie Mokum</e>
      </Val>
      <Val>
        <e>Oudezijds Voorburgwal 334</e>
      </Val>
    </Entity>
    <Entity uri="http://data.krw.d2s.labs.vu.nl/group6/findaslot/resource/Museum_De_Zwarte_Tulp">
      <Val>
        <e>Museum De Zwarte Tulp</e>
      </Val>
      <Val>
        <e>Heereweg 219</e>
      </Val>
    </Entity>
    <Entity uri="http://data.krw.d2s.labs.vu.nl/group6/findaslot/resource/Het_Zuiderzeemuseum">
      <Val>
        <e>Het Zuiderzeemuseum</e>
      </Val>
      <Val>
        <e>Wierdijk 12-22</e>
      </Val>
    </Entity>
    <Entity uri="http://data.krw.d2s.labs.vu.nl/group6/findaslot/resource/Rijksmuseum">
      <Val>
        <e>Rijksmuseum</e>
      </Val>
      <Val>
        <e>Museumstraat 1</e>
      </Val>
    </Entity>
    <Entity uri="http://data.krw.d2s.labs.vu.nl/group6/findaslot/resource/Ateliers_Westerdok">
      <Val>
        <e>Ateliers Westerdok</e>
      </Val>
      <Val>
        <e>Westerdok 318</e>
      </Val>
    </Entity>
    <Entity uri="http://data.krw.d2s.labs.vu.nl/group6/findaslot/resource/Outsider_Art_Museum">
      <Val>
        <e>Outsider Art Museum</e>
      </Val>
      <Val>
        <e>Amstel 51</e>
      </Val>
    </Entity>
    <Entity uri="http://data.krw.d2s.labs.vu.nl/group6/findaslot/resource/Amsterdam_Tulip_Museum">
      <Val>
        <e>Amsterdam Tulip Museum</e>
      </Val>
      <Val>
        <e>Prinsengracht 116</e>
      </Val>
    </Entity>
    <Entity uri="http://data.krw.d2s.labs.vu.nl/group6/findaslot/resource/Molenmuseum">
      <Val>
        <e>Molenmuseum</e>
      </Val>
      <Val>
        <e>Museumlaan 18</e>
      </Val>
    </Entity>
    <Entity uri="http://data.krw.d2s.labs.vu.nl/group6/findaslot/resource/Het_Spoorwegmuseum_Utrecht">
      <Val>
        <e>Het Spoorwegmuseum Utrecht</e>
      </Val>
      <Val>
        <e>Hugo de Grootstraat 16</e>
      </Val>
    </Entity>
    <Entity uri="http://data.krw.d2s.labs.vu.nl/group6/findaslot/resource/Amsterdam_Tattoo_Museum">
      <Val>
        <e>Amsterdam Tattoo Museum</e>
      </Val>
      <Val>
        <e>Van Woustraat 78HS</e>
      </Val>
    </Entity>
    <Entity uri="http://data.krw.d2s.labs.vu.nl/group6/findaslot/resource/Pieter_Vermeulen_Museum">
      <Val>
        <e>Pieter Vermeulen Museum</e>
      </Val>
      <Val>
        <e>Driehuizerkerkweg 34d</e>
      </Val>
    </Entity>
    <Entity uri="http://data.krw.d2s.labs.vu.nl/group6/findaslot/resource/Cromhouthuis">
      <Val>
        <e>Cromhouthuis</e>
      </Val>
      <Val>
        <e>Herengracht 366-368</e>
      </Val>
    </Entity>
    <Entity uri="http://data.krw.d2s.labs.vu.nl/group6/findaslot/resource/Bijbels_Museum">
      <Val>
        <e>Bijbels Museum</e>
      </Val>
      <Val>
        <e>Herengracht 366-368</e>
      </Val>
    </Entity>
    <Entity uri="http://data.krw.d2s.labs.vu.nl/group6/findaslot/resource/Radar_Architecture_&amp;_Art">
      <Val>
        <e>Radar Architecture &amp; Art</e>
      </Val>
      <Val>
        <e>Eerste Rozendwarsstraat 17</e>
      </Val>
    </Entity>
    <Entity uri="http://data.krw.d2s.labs.vu.nl/group6/findaslot/resource/P//////AKT_Project_Space">
      <Val>
        <e>P//////AKT Project Space</e>
      </Val>
      <Val>
        <e>Zeeburgerpad 53</e>
      </Val>
    </Entity>
    <Entity uri="http://data.krw.d2s.labs.vu.nl/group6/findaslot/resource/Anadolu_3-D_Holography">
      <Val>
        <e>Anadolu 3-D Holography</e>
      </Val>
      <Val>
        <e>Oude Hoogstraat 15</e>
      </Val>
    </Entity>
    <Entity uri="http://data.krw.d2s.labs.vu.nl/group6/findaslot/resource/Bakkerij_Museum_'In_de_Gecroonde_Duyvekater'">
      <Val>
        <e>Bakkerij Museum 'In de Gecroonde Duyvekater'</e>
      </Val>
      <Val>
        <e>Zeilenmakerspad 4</e>
      </Val>
    </Entity>
    <Entity uri="http://data.krw.d2s.labs.vu.nl/group6/findaslot/resource/Nieuw_Land_Erfgoedcentrum">
      <Val>
        <e>Nieuw Land Erfgoedcentrum</e>
      </Val>
      <Val>
        <e>Oostvaardersdijk 113</e>
      </Val>
    </Entity>
    <Entity uri="http://data.krw.d2s.labs.vu.nl/group6/findaslot/resource/De_Portretwinkel">
      <Val>
        <e>De Portretwinkel</e>
      </Val>
      <Val>
        <e>Prinsengracht 572</e>
      </Val>
    </Entity>
    <Entity uri="http://data.krw.d2s.labs.vu.nl/group6/findaslot/resource/Lieve_Hemel">
      <Val>
        <e>Lieve Hemel</e>
      </Val>
      <Val>
        <e>Nieuwe Spiegelstraat 3</e>
      </Val>
    </Entity>
    <Entity uri="http://data.krw.d2s.labs.vu.nl/group6/findaslot/resource/Science_Center_NEMO">
      <Val>
        <e>Science Center NEMO</e>
      </Val>
      <Val>
        <e>Oosterdok 2</e>
      </Val>
    </Entity>
    <Entity uri="http://data.krw.d2s.labs.vu.nl/group6/findaslot/resource/Stichting_WG-Kunst">
      <Val>
        <e>Stichting WG-Kunst</e>
      </Val>
      <Val>
        <e>M v Bouwdk Bastiaansestr 28</e>
      </Val>
    </Entity>
    <Entity uri="http://data.krw.d2s.labs.vu.nl/group6/findaslot/resource/Museum_of_Medieval_Torture_Instruments">
      <Val>
        <e>Museum of Medieval Torture Instruments</e>
      </Val>
      <Val>
        <e>Damrak 33</e>
      </Val>
    </Entity>
    <Entity uri="http://data.krw.d2s.labs.vu.nl/group6/findaslot/resource/Framer_Framed">
      <Val>
        <e>Framer Framed</e>
      </Val>
      <Val>
        <e>IJpromenade 2</e>
      </Val>
    </Entity>
    <Entity uri="http://data.krw.d2s.labs.vu.nl/group6/findaslot/resource/De_Nieuwe_Kerk_Amsterdam">
      <Val>
        <e>De Nieuwe Kerk Amsterdam</e>
      </Val>
      <Val>
        <e>Dam</e>
      </Val>
    </Entity>
    <Entity uri="http://data.krw.d2s.labs.vu.nl/group6/findaslot/resource/Fons_Welters">
      <Val>
        <e>Fons Welters</e>
      </Val>
      <Val>
        <e>Bloemstraat 140</e>
      </Val>
    </Entity>
    <Entity uri="http://data.krw.d2s.labs.vu.nl/group6/findaslot/resource/Museumwinkel_Albert_Heijn">
      <Val>
        <e>Museumwinkel Albert Heijn</e>
      </Val>
      <Val>
        <e>Kalverringdijk 5</e>
      </Val>
    </Entity>
    <Entity uri="http://data.krw.d2s.labs.vu.nl/group6/findaslot/resource/Atelier_Gerard_van_Hulzen">
      <Val>
        <e>Atelier Gerard van Hulzen</e>
      </Val>
      <Val>
        <e>Grevelingen 62-64</e>
      </Val>
    </Entity>
    <Entity uri="http://data.krw.d2s.labs.vu.nl/group6/findaslot/resource/CBK_Zuidoost">
      <Val>
        <e>CBK Zuidoost</e>
      </Val>
      <Val>
        <e>Anton de Komplein 120</e>
      </Val>
    </Entity>
    <Entity uri="http://data.krw.d2s.labs.vu.nl/group6/findaslot/resource/Hollanders_van_de_Gouden_Eeuw">
      <Val>
        <e>Hollanders van de Gouden Eeuw</e>
      </Val>
      <Val>
        <e>Amstel 51</e>
      </Val>
    </Entity>
    <Entity uri="http://data.krw.d2s.labs.vu.nl/group6/findaslot/resource/Gemeentemuseum_Den_Haag">
      <Val>
        <e>Gemeentemuseum Den Haag</e>
      </Val>
      <Val>
        <e>Stadhouderslaan 41</e>
      </Val>
    </Entity>
    <Entity uri="http://data.krw.d2s.labs.vu.nl/group6/findaslot/resource/Van_Gogh_Museum">
      <Val>
        <e>Van Gogh Museum</e>
      </Val>
      <Val>
        <e>Museumplein 6</e>
      </Val>
    </Entity>
    <Entity uri="http://data.krw.d2s.labs.vu.nl/group6/findaslot/resource/New_Art_space_Amsterdam">
      <Val>
        <e>New Art space Amsterdam</e>
      </Val>
      <Val>
        <e>Arie Biemondstraat 101</e>
      </Val>
    </Entity>
    <Entity uri="http://data.krw.d2s.labs.vu.nl/group6/findaslot/resource/Ford_Museum_den_Hartogh">
      <Val>
        <e>Ford Museum den Hartogh</e>
      </Val>
      <Val>
        <e>Haarlemmerstraat 36</e>
      </Val>
    </Entity>
    <Entity uri="http://data.krw.d2s.labs.vu.nl/group6/findaslot/resource/Aviodrome">
      <Val>
        <e>Aviodrome</e>
      </Val>
      <Val>
        <e>Pelikaanweg 50</e>
      </Val>
    </Entity>
    <Entity uri="http://data.krw.d2s.labs.vu.nl/group6/findaslot/resource/5&amp;33_Kunstgalerij">
      <Val>
        <e>5&amp;33 Kunstgalerij</e>
      </Val>
      <Val>
        <e>Martelaarsgracht</e>
      </Val>
    </Entity>
  </TargetEntities>
  <PositiveLinks>
    <LinkCandidate>
      <Source>http://data.krw.d2s.labs.vu.nl/group15/resource/activity_013badb5-a4fc-4718-9d6d-5257151782b8</Source>
      <Target>http://data.krw.d2s.labs.vu.nl/group6/findaslot/resource/Zaans_Museum_en_Verkade_Paviljoen</Target>
      Some(&lt;Confidence&gt;0.0&lt;/Confidence&gt;)
      None
    </LinkCandidate>
    <LinkCandidate>
      <Source>http://data.krw.d2s.labs.vu.nl/group15/resource/activity_2623593b-52d9-4497-9cec-2ef5dc44f5c2</Source>
      <Target>http://data.krw.d2s.labs.vu.nl/group6/findaslot/resource/Ateliers_Westerdok</Target>
      Some(&lt;Confidence&gt;0.0&lt;/Confidence&gt;)
      None
    </LinkCandidate>
    <LinkCandidate>
      <Source>http://data.krw.d2s.labs.vu.nl/group15/resource/activity_257044c1-dc5b-47fd-9db2-349220309326</Source>
      <Target>http://data.krw.d2s.labs.vu.nl/group6/findaslot/resource/Amsterdam_Tulip_Museum</Target>
      Some(&lt;Confidence&gt;0.0&lt;/Confidence&gt;)
      None
    </LinkCandidate>
    <LinkCandidate>
      <Source>http://data.krw.d2s.labs.vu.nl/group15/resource/activity_73f3bd47-50b1-49d2-979c-733f11aedb96</Source>
      <Target>http://data.krw.d2s.labs.vu.nl/group6/findaslot/resource/Schuttersgalerij</Target>
      Some(&lt;Confidence&gt;0.0&lt;/Confidence&gt;)
      None
    </LinkCandidate>
    <LinkCandidate>
      <Source>http://data.krw.d2s.labs.vu.nl/group15/resource/activity_2ba2fa84-b735-4f8c-91c5-a2c7ded1b57d</Source>
      <Target>http://data.krw.d2s.labs.vu.nl/group6/findaslot/resource/EYE_Filmmuseum</Target>
      Some(&lt;Confidence&gt;0.0&lt;/Confidence&gt;)
      None
    </LinkCandidate>
    <LinkCandidate>
      <Source>http://data.krw.d2s.labs.vu.nl/group15/resource/activity_946243ec-e37e-413d-a80e-99409d4ffb8a</Source>
      <Target>http://data.krw.d2s.labs.vu.nl/group6/findaslot/resource/Museumwinkel_Albert_Heijn</Target>
      Some(&lt;Confidence&gt;0.0&lt;/Confidence&gt;)
      None
    </LinkCandidate>
    <LinkCandidate>
      <Source>http://data.krw.d2s.labs.vu.nl/group15/resource/activity_38532236-439e-4b30-a324-b6a0ee3633f0</Source>
      <Target>http://data.krw.d2s.labs.vu.nl/group6/findaslot/resource/Wim_van_Krimpen</Target>
      Some(&lt;Confidence&gt;0.0&lt;/Confidence&gt;)
      None
    </LinkCandidate>
    <LinkCandidate>
      <Source>http://data.krw.d2s.labs.vu.nl/group15/resource/activity_1272b667-b6f7-4470-8a63-0627fd6f174c</Source>
      <Target>http://data.krw.d2s.labs.vu.nl/group6/findaslot/resource/Cromhouthuis</Target>
      Some(&lt;Confidence&gt;0.0&lt;/Confidence&gt;)
      None
    </LinkCandidate>
    <LinkCandidate>
      <Source>http://data.krw.d2s.labs.vu.nl/group15/resource/activity_c07649d4-9d95-468c-94c3-45d0dcb63332</Source>
      <Target>http://data.krw.d2s.labs.vu.nl/group6/findaslot/resource/Bijbels_Museum</Target>
      Some(&lt;Confidence&gt;0.0&lt;/Confidence&gt;)
      None
    </LinkCandidate>
    <LinkCandidate>
      <Source>http://data.krw.d2s.labs.vu.nl/group15/resource/activity_c81195b9-f08b-4af9-8293-fb43156d0daf</Source>
      <Target>http://data.krw.d2s.labs.vu.nl/group6/findaslot/resource/Het_Waterlands_Museum</Target>
      Some(&lt;Confidence&gt;0.0&lt;/Confidence&gt;)
      None
    </LinkCandidate>
    <LinkCandidate>
      <Source>http://data.krw.d2s.labs.vu.nl/group15/resource/activity_fe7b7dba-c768-4713-8802-043f580d5dec</Source>
      <Target>http://data.krw.d2s.labs.vu.nl/group6/findaslot/resource/Museum_De_Zwarte_Tulp</Target>
      Some(&lt;Confidence&gt;0.0&lt;/Confidence&gt;)
      None
    </LinkCandidate>
    <LinkCandidate>
      <Source>http://data.krw.d2s.labs.vu.nl/group15/resource/activity_f9dad757-0bfc-4813-9028-285f8fe70562</Source>
      <Target>http://data.krw.d2s.labs.vu.nl/group6/findaslot/resource/Kunstuitleen_en_Galerie_Timeless</Target>
      Some(&lt;Confidence&gt;0.0&lt;/Confidence&gt;)
      None
    </LinkCandidate>
    <LinkCandidate>
      <Source>http://data.krw.d2s.labs.vu.nl/group15/resource/activity_cda376b6-7147-4ecf-9af3-64fdaa6d468c</Source>
      <Target>http://data.krw.d2s.labs.vu.nl/group6/findaslot/resource/Lieve_Hemel</Target>
      Some(&lt;Confidence&gt;0.0&lt;/Confidence&gt;)
      None
    </LinkCandidate>
    <LinkCandidate>
      <Source>http://data.krw.d2s.labs.vu.nl/group15/resource/activity_79c2a4bf-577b-4d41-a11b-f365f7fbdd28</Source>
      <Target>http://data.krw.d2s.labs.vu.nl/group6/findaslot/resource/Rijksakademie_van_beeldende_kunsten</Target>
      Some(&lt;Confidence&gt;0.0&lt;/Confidence&gt;)
      None
    </LinkCandidate>
    <LinkCandidate>
      <Source>http://dbpedia.org/resource/Ons'_Lieve_Heer_op_Solder</Source>
      <Target>http://data.krw.d2s.labs.vu.nl/group6/findaslot/resource/Museum_Ons'_Lieve_Heer_op_Solder</Target>
      Some(&lt;Confidence&gt;0.0&lt;/Confidence&gt;)
      None
    </LinkCandidate>
    <LinkCandidate>
      <Source>http://data.krw.d2s.labs.vu.nl/group15/resource/activity_fb65088a-b254-45ec-9574-88245ae170c9</Source>
      <Target>http://data.krw.d2s.labs.vu.nl/group6/findaslot/resource/Honig_Breethuis</Target>
      Some(&lt;Confidence&gt;0.0&lt;/Confidence&gt;)
      None
    </LinkCandidate>
    <LinkCandidate>
      <Source>http://data.krw.d2s.labs.vu.nl/group15/resource/activity_2fa2a483-d07c-4f3c-8968-151a377ab4fe</Source>
      <Target>http://data.krw.d2s.labs.vu.nl/group6/findaslot/resource/CBK_Zuidoost</Target>
      Some(&lt;Confidence&gt;0.0&lt;/Confidence&gt;)
      None
    </LinkCandidate>
    <LinkCandidate>
      <Source>http://data.krw.d2s.labs.vu.nl/group15/resource/activity_9069004c-9be7-4b60-b7ca-25a68c5550d5</Source>
      <Target>http://data.krw.d2s.labs.vu.nl/group6/findaslot/resource/KochxBos</Target>
      Some(&lt;Confidence&gt;0.0&lt;/Confidence&gt;)
      None
    </LinkCandidate>
    <LinkCandidate>
      <Source>http://data.krw.d2s.labs.vu.nl/group15/resource/activity_6724ce68-1ae4-4011-9841-de028f542408</Source>
      <Target>http://data.krw.d2s.labs.vu.nl/group6/findaslot/resource/Dutch_Accent</Target>
      Some(&lt;Confidence&gt;0.0&lt;/Confidence&gt;)
      None
    </LinkCandidate>
    <LinkCandidate>
      <Source>http://dbpedia.org/resource/Rembrandt_House_Museum</Source>
      <Target>http://data.krw.d2s.labs.vu.nl/group6/findaslot/resource/Rembrandthuis</Target>
      Some(&lt;Confidence&gt;0.0&lt;/Confidence&gt;)
      None
    </LinkCandidate>
    <LinkCandidate>
      <Source>http://dbpedia.org/resource/Van_Gogh_Museum</Source>
      <Target>http://data.krw.d2s.labs.vu.nl/group6/findaslot/resource/Van_Gogh_Museum</Target>
      Some(&lt;Confidence&gt;0.0&lt;/Confidence&gt;)
      None
    </LinkCandidate>
    <LinkCandidate>
      <Source>http://data.krw.d2s.labs.vu.nl/group15/resource/activity_748052f6-1457-42e9-b686-184f434bc2b0</Source>
      <Target>http://data.krw.d2s.labs.vu.nl/group6/findaslot/resource/Framer_Framed</Target>
      Some(&lt;Confidence&gt;0.0&lt;/Confidence&gt;)
      None
    </LinkCandidate>
    <LinkCandidate>
      <Source>http://data.krw.d2s.labs.vu.nl/group15/resource/activity_40c3617a-f679-43a2-9fec-0fe661fdf798</Source>
      <Target>http://data.krw.d2s.labs.vu.nl/group6/findaslot/resource/Beurs_van_Berlage</Target>
      Some(&lt;Confidence&gt;0.0&lt;/Confidence&gt;)
      None
    </LinkCandidate>
    <LinkCandidate>
      <Source>http://data.krw.d2s.labs.vu.nl/group15/resource/activity_3329e497-a157-440c-840f-69307ae362a7</Source>
      <Target>http://data.krw.d2s.labs.vu.nl/group6/findaslot/resource/Science_Center_NEMO</Target>
      Some(&lt;Confidence&gt;0.0&lt;/Confidence&gt;)
      None
    </LinkCandidate>
    <LinkCandidate>
      <Source>http://data.krw.d2s.labs.vu.nl/group15/resource/activity_239857d7-ebfe-4cd2-8a15-a6d38c1f5b59</Source>
      <Target>http://data.krw.d2s.labs.vu.nl/group6/findaslot/resource/Atelier_Gerard_van_Hulzen</Target>
      Some(&lt;Confidence&gt;0.0&lt;/Confidence&gt;)
      None
    </LinkCandidate>
    <LinkCandidate>
      <Source>http://data.krw.d2s.labs.vu.nl/group15/resource/activity_ff2a5d4e-ac09-43f5-be40-bcba15ff3851</Source>
      <Target>http://data.krw.d2s.labs.vu.nl/group6/findaslot/resource/Amsterdam_Cheese_Museum</Target>
      Some(&lt;Confidence&gt;0.0&lt;/Confidence&gt;)
      None
    </LinkCandidate>
    <LinkCandidate>
      <Source>http://dbpedia.org/resource/Pijpenkabinet_&amp;_Smokiana</Source>
      <Target>http://data.krw.d2s.labs.vu.nl/group6/findaslot/resource/Amsterdam_Pipe_Museum</Target>
      Some(&lt;Confidence&gt;0.0&lt;/Confidence&gt;)
      None
    </LinkCandidate>
    <LinkCandidate>
      <Source>http://data.krw.d2s.labs.vu.nl/group15/resource/activity_7f9a4d6c-c2ec-495f-9bb2-791983a14627</Source>
      <Target>http://data.krw.d2s.labs.vu.nl/group6/findaslot/resource/Beeld_en_Geluid</Target>
      Some(&lt;Confidence&gt;0.0&lt;/Confidence&gt;)
      None
    </LinkCandidate>
    <LinkCandidate>
      <Source>http://data.krw.d2s.labs.vu.nl/group15/resource/activity_2aa4270d-1b55-43ee-a71d-05bf0417df53</Source>
      <Target>http://data.krw.d2s.labs.vu.nl/group6/findaslot/resource/Zaanse_Schans</Target>
      Some(&lt;Confidence&gt;0.0&lt;/Confidence&gt;)
      None
    </LinkCandidate>
    <LinkCandidate>
      <Source>http://data.krw.d2s.labs.vu.nl/group15/resource/activity_b1cea8fe-962c-4527-835f-6f4237d18830</Source>
      <Target>http://data.krw.d2s.labs.vu.nl/group6/findaslot/resource/Maatschappij_Arti_et_Amicitiae</Target>
      Some(&lt;Confidence&gt;0.0&lt;/Confidence&gt;)
      None
    </LinkCandidate>
    <LinkCandidate>
      <Source>http://data.krw.d2s.labs.vu.nl/group15/resource/activity_f491d6c3-9d87-4b9e-acab-ea25707d43d1</Source>
      <Target>http://data.krw.d2s.labs.vu.nl/group6/findaslot/resource/Ripley's_Believe_it_or_Not</Target>
      Some(&lt;Confidence&gt;0.0&lt;/Confidence&gt;)
      None
    </LinkCandidate>
    <LinkCandidate>
      <Source>http://data.krw.d2s.labs.vu.nl/group15/resource/activity_90bfb566-0ce4-4ab6-b433-70a4cb610e32</Source>
      <Target>http://data.krw.d2s.labs.vu.nl/group6/findaslot/resource/Galerie_Sous-Terre</Target>
      Some(&lt;Confidence&gt;0.0&lt;/Confidence&gt;)
      None
    </LinkCandidate>
    <LinkCandidate>
      <Source>http://data.krw.d2s.labs.vu.nl/group15/resource/activity_67c46893-20a0-4647-9c6d-fda96dc5a6da</Source>
      <Target>http://data.krw.d2s.labs.vu.nl/group6/findaslot/resource/Akinci</Target>
      Some(&lt;Confidence&gt;0.0&lt;/Confidence&gt;)
      None
    </LinkCandidate>
    <LinkCandidate>
      <Source>http://data.krw.d2s.labs.vu.nl/group15/resource/activity_77f6b43a-8e08-44b5-9462-10f8cc12f4e4</Source>
      <Target>http://data.krw.d2s.labs.vu.nl/group6/findaslot/resource/Hollanders_van_de_Gouden_Eeuw</Target>
      Some(&lt;Confidence&gt;0.0&lt;/Confidence&gt;)
      None
    </LinkCandidate>
    <LinkCandidate>
      <Source>http://data.krw.d2s.labs.vu.nl/group15/resource/activity_22400825-5f93-4511-a689-7c76d3bfdca5</Source>
      <Target>http://data.krw.d2s.labs.vu.nl/group6/findaslot/resource/Outsider_Art_Museum</Target>
      Some(&lt;Confidence&gt;0.0&lt;/Confidence&gt;)
      None
    </LinkCandidate>
    <LinkCandidate>
      <Source>http://data.krw.d2s.labs.vu.nl/group15/resource/activity_37be150c-c699-42ad-b591-2b4d7cfdf9f1</Source>
      <Target>http://data.krw.d2s.labs.vu.nl/group6/findaslot/resource/5&amp;33_Kunstgalerij</Target>
      Some(&lt;Confidence&gt;0.0&lt;/Confidence&gt;)
      None
    </LinkCandidate>
    <LinkCandidate>
      <Source>http://data.krw.d2s.labs.vu.nl/group15/resource/activity_2b74c15d-64fc-415f-8b90-dc7fed521558</Source>
      <Target>http://data.krw.d2s.labs.vu.nl/group6/findaslot/resource/Hollanders_van_de_Gouden_Eeuw</Target>
      Some(&lt;Confidence&gt;0.0&lt;/Confidence&gt;)
      None
    </LinkCandidate>
    <LinkCandidate>
      <Source>http://data.krw.d2s.labs.vu.nl/group15/resource/activity_9d29203b-385e-464a-b6ff-aff865e70449</Source>
      <Target>http://data.krw.d2s.labs.vu.nl/group6/findaslot/resource/Fons_Welters</Target>
      Some(&lt;Confidence&gt;0.0&lt;/Confidence&gt;)
      None
    </LinkCandidate>
    <LinkCandidate>
      <Source>http://data.krw.d2s.labs.vu.nl/group15/resource/activity_3def6b0e-ed35-44aa-80c9-86220dcd2c10</Source>
      <Target>http://data.krw.d2s.labs.vu.nl/group6/findaslot/resource/De_Portretwinkel</Target>
      Some(&lt;Confidence&gt;0.0&lt;/Confidence&gt;)
      None
    </LinkCandidate>
    <LinkCandidate>
      <Source>http://data.krw.d2s.labs.vu.nl/group15/resource/activity_787d68da-e0ac-4a39-8ae5-09784458f728</Source>
      <Target>http://data.krw.d2s.labs.vu.nl/group6/findaslot/resource/Amsterdam_Tattoo_Museum</Target>
      Some(&lt;Confidence&gt;0.0&lt;/Confidence&gt;)
      None
    </LinkCandidate>
    <LinkCandidate>
      <Source>http://data.krw.d2s.labs.vu.nl/group15/resource/activity_ee20f723-b2eb-4d72-9485-10020cad4809</Source>
      <Target>http://data.krw.d2s.labs.vu.nl/group6/findaslot/resource/New_Art_space_Amsterdam</Target>
      Some(&lt;Confidence&gt;0.0&lt;/Confidence&gt;)
      None
    </LinkCandidate>
    <LinkCandidate>
      <Source>http://data.krw.d2s.labs.vu.nl/group15/resource/activity_c0f82af6-5e72-40fd-b430-de8d847f8fe4</Source>
      <Target>http://data.krw.d2s.labs.vu.nl/group6/findaslot/resource/w139</Target>
      Some(&lt;Confidence&gt;0.0&lt;/Confidence&gt;)
      None
    </LinkCandidate>
    <LinkCandidate>
      <Source>http://data.krw.d2s.labs.vu.nl/group15/resource/activity_8641ca9b-4e5e-4a54-8d35-b8abb22d9414</Source>
      <Target>http://data.krw.d2s.labs.vu.nl/group6/findaslot/resource/Zee-en_Havenmuseum</Target>
      Some(&lt;Confidence&gt;0.0&lt;/Confidence&gt;)
      None
    </LinkCandidate>
    <LinkCandidate>
      <Source>http://data.krw.d2s.labs.vu.nl/group15/resource/activity_7ce03e1c-0f75-4b9d-82c9-384fc6bc5a5d</Source>
      <Target>http://data.krw.d2s.labs.vu.nl/group6/findaslot/resource/Pieter_Vermeulen_Museum</Target>
      Some(&lt;Confidence&gt;0.0&lt;/Confidence&gt;)
      None
    </LinkCandidate>
    <LinkCandidate>
      <Source>http://dbpedia.org/resource/Escher_Museum</Source>
      <Target>http://data.krw.d2s.labs.vu.nl/group6/findaslot/resource/Escher_in_het_Paleis</Target>
      Some(&lt;Confidence&gt;0.0&lt;/Confidence&gt;)
      None
    </LinkCandidate>
    <LinkCandidate>
      <Source>http://data.krw.d2s.labs.vu.nl/group15/resource/activity_af10b52b-83a8-4fc1-bbd7-a624d7a5c158</Source>
      <Target>http://data.krw.d2s.labs.vu.nl/group6/findaslot/resource/Palingrokerij_Smit_Bokkum</Target>
      Some(&lt;Confidence&gt;0.0&lt;/Confidence&gt;)
      None
    </LinkCandidate>
    <LinkCandidate>
      <Source>http://data.krw.d2s.labs.vu.nl/group15/resource/activity_29cbeea4-4617-4c27-b895-220cc68496c1</Source>
      <Target>http://data.krw.d2s.labs.vu.nl/group6/findaslot/resource/Woonbootmuseum</Target>
      Some(&lt;Confidence&gt;0.0&lt;/Confidence&gt;)
      None
    </LinkCandidate>
    <LinkCandidate>
      <Source>http://data.krw.d2s.labs.vu.nl/group15/resource/activity_f5c9eca6-6ecb-4fee-8e8a-5a2b2d0a3d72</Source>
      <Target>http://data.krw.d2s.labs.vu.nl/group6/findaslot/resource/Annet_Gelink_Gallery</Target>
      Some(&lt;Confidence&gt;0.0&lt;/Confidence&gt;)
      None
    </LinkCandidate>
    <LinkCandidate>
      <Source>http://data.krw.d2s.labs.vu.nl/group15/resource/activity_57002f54-c421-4677-91f2-b3a0a17b9f2e</Source>
      <Target>http://data.krw.d2s.labs.vu.nl/group6/findaslot/resource/Foam_Editions</Target>
      Some(&lt;Confidence&gt;0.0&lt;/Confidence&gt;)
      None
    </LinkCandidate>
    <LinkCandidate>
      <Source>http://data.krw.d2s.labs.vu.nl/group15/resource/activity_926fa07b-8be5-498e-8c42-677b8e22c67b</Source>
      <Target>http://data.krw.d2s.labs.vu.nl/group6/findaslot/resource/Red_Light_Secrets</Target>
      Some(&lt;Confidence&gt;0.0&lt;/Confidence&gt;)
      None
    </LinkCandidate>
    <LinkCandidate>
      <Source>http://data.krw.d2s.labs.vu.nl/group15/resource/activity_fa9244a3-0145-4b79-bc7d-fd79d39bdcc7</Source>
      <Target>http://data.krw.d2s.labs.vu.nl/group6/findaslot/resource/Museum_Zaanse_Tijd</Target>
      Some(&lt;Confidence&gt;0.0&lt;/Confidence&gt;)
      None
    </LinkCandidate>
    <LinkCandidate>
      <Source>http://data.krw.d2s.labs.vu.nl/group15/resource/activity_9fb695f6-a3d5-4d32-ab15-509fa8d49e30</Source>
      <Target>http://data.krw.d2s.labs.vu.nl/group6/findaslot/resource/Anadolu_3-D_Holography</Target>
      Some(&lt;Confidence&gt;0.0&lt;/Confidence&gt;)
      None
    </LinkCandidate>
    <LinkCandidate>
      <Source>http://dbpedia.org/resource/Hermitage_Amsterdam</Source>
      <Target>http://data.krw.d2s.labs.vu.nl/group6/findaslot/resource/Hermitage_Amsterdam</Target>
      Some(&lt;Confidence&gt;0.0&lt;/Confidence&gt;)
      None
    </LinkCandidate>
    <LinkCandidate>
      <Source>http://data.krw.d2s.labs.vu.nl/group15/resource/activity_4ca63430-9e3f-4908-bb0f-c7d5b94a59f3</Source>
      <Target>http://data.krw.d2s.labs.vu.nl/group6/findaslot/resource/Bakkerij_Museum_'In_de_Gecroonde_Duyvekater'</Target>
      Some(&lt;Confidence&gt;0.0&lt;/Confidence&gt;)
      None
    </LinkCandidate>
    <LinkCandidate>
      <Source>http://data.krw.d2s.labs.vu.nl/group15/resource/activity_aa5732dd-c683-4c3a-a7be-915bc71db824</Source>
      <Target>http://data.krw.d2s.labs.vu.nl/group6/findaslot/resource/Purmerends_Museum</Target>
      Some(&lt;Confidence&gt;0.0&lt;/Confidence&gt;)
      None
    </LinkCandidate>
    <LinkCandidate>
      <Source>http://data.krw.d2s.labs.vu.nl/group15/resource/activity_f32eac5f-90ad-4be8-b6a3-374ad46e91fe</Source>
      <Target>http://data.krw.d2s.labs.vu.nl/group6/findaslot/resource/Czaar_Peterhuisje</Target>
      Some(&lt;Confidence&gt;0.0&lt;/Confidence&gt;)
      None
    </LinkCandidate>
    <LinkCandidate>
      <Source>http://data.krw.d2s.labs.vu.nl/group15/resource/activity_0409c302-180b-4292-8678-fc40957dbe39</Source>
      <Target>http://data.krw.d2s.labs.vu.nl/group6/findaslot/resource/Radar_Architecture_&amp;_Art</Target>
      Some(&lt;Confidence&gt;0.0&lt;/Confidence&gt;)
      None
    </LinkCandidate>
    <LinkCandidate>
      <Source>http://data.krw.d2s.labs.vu.nl/group15/resource/activity_721ccae6-80e8-459f-9590-85a77751febc</Source>
      <Target>http://data.krw.d2s.labs.vu.nl/group6/findaslot/resource/Stichting_WG-Kunst</Target>
      Some(&lt;Confidence&gt;0.0&lt;/Confidence&gt;)
      None
    </LinkCandidate>
    <LinkCandidate>
      <Source>http://data.krw.d2s.labs.vu.nl/group15/resource/activity_a7b5f98d-d4f1-46e8-913f-902629d0bdae</Source>
      <Target>http://data.krw.d2s.labs.vu.nl/group6/findaslot/resource/Het_Spoorwegmuseum_Utrecht</Target>
      Some(&lt;Confidence&gt;0.0&lt;/Confidence&gt;)
      None
    </LinkCandidate>
    <LinkCandidate>
      <Source>http://data.krw.d2s.labs.vu.nl/group15/resource/activity_bc9ae864-e6dd-4ac1-b0b2-790961b96ae5</Source>
      <Target>http://data.krw.d2s.labs.vu.nl/group6/findaslot/resource/Aviodrome</Target>
      Some(&lt;Confidence&gt;0.0&lt;/Confidence&gt;)
      None
    </LinkCandidate>
    <LinkCandidate>
      <Source>http://data.krw.d2s.labs.vu.nl/group15/resource/activity_0768be79-5876-4808-a2af-c875c38f9867</Source>
      <Target>http://data.krw.d2s.labs.vu.nl/group6/findaslot/resource/Ford_Museum_den_Hartogh</Target>
      Some(&lt;Confidence&gt;0.0&lt;/Confidence&gt;)
      None
    </LinkCandidate>
    <LinkCandidate>
      <Source>http://data.krw.d2s.labs.vu.nl/group15/resource/activity_21c18f9c-f2c6-461d-bae8-953d5f0339fb</Source>
      <Target>http://data.krw.d2s.labs.vu.nl/group6/findaslot/resource/Volendams_Museum</Target>
      Some(&lt;Confidence&gt;0.0&lt;/Confidence&gt;)
      None
    </LinkCandidate>
    <LinkCandidate>
      <Source>http://data.krw.d2s.labs.vu.nl/group15/resource/activity_fe0a820c-5258-49af-8bbd-449ee4d4c241</Source>
      <Target>http://data.krw.d2s.labs.vu.nl/group6/findaslot/resource/Het_Zuiderzeemuseum</Target>
      Some(&lt;Confidence&gt;0.0&lt;/Confidence&gt;)
      None
    </LinkCandidate>
    <LinkCandidate>
      <Source>http://data.krw.d2s.labs.vu.nl/group15/resource/activity_460d7921-1fba-42a6-9c9a-b8fc15c1b48e</Source>
      <Target>http://data.krw.d2s.labs.vu.nl/group6/findaslot/resource/Museum_of_Medieval_Torture_Instruments</Target>
      Some(&lt;Confidence&gt;0.0&lt;/Confidence&gt;)
      None
    </LinkCandidate>
    <LinkCandidate>
      <Source>http://data.krw.d2s.labs.vu.nl/group15/resource/activity_7d7b2536-d25a-485b-8a46-dec7d4488ad8</Source>
      <Target>http://data.krw.d2s.labs.vu.nl/group6/findaslot/resource/Nieuw_Land_Erfgoedcentrum</Target>
      Some(&lt;Confidence&gt;0.0&lt;/Confidence&gt;)
      None
    </LinkCandidate>
    <LinkCandidate>
      <Source>http://data.krw.d2s.labs.vu.nl/group15/resource/activity_51de3be4-abaf-4ebe-87b8-53a4ed364873</Source>
      <Target>http://data.krw.d2s.labs.vu.nl/group6/findaslot/resource/Eduard_Planting_Galerie</Target>
      Some(&lt;Confidence&gt;0.0&lt;/Confidence&gt;)
      None
    </LinkCandidate>
    <LinkCandidate>
      <Source>http://data.krw.d2s.labs.vu.nl/group15/resource/activity_97103d8e-6102-4967-af52-1324b107cc2e</Source>
      <Target>http://data.krw.d2s.labs.vu.nl/group6/findaslot/resource/Galerie_Pien_Rademakers</Target>
      Some(&lt;Confidence&gt;0.0&lt;/Confidence&gt;)
      None
    </LinkCandidate>
    <LinkCandidate>
      <Source>http://data.krw.d2s.labs.vu.nl/group15/resource/activity_eb62f7d7-1076-4982-83f3-3db8e9ceecf7</Source>
      <Target>http://data.krw.d2s.labs.vu.nl/group6/findaslot/resource/de_Glaswerkplaats</Target>
      Some(&lt;Confidence&gt;0.0&lt;/Confidence&gt;)
      None
    </LinkCandidate>
    <LinkCandidate>
      <Source>http://dbpedia.org/resource/Foam_Fotografiemuseum_Amsterdam</Source>
      <Target>http://data.krw.d2s.labs.vu.nl/group6/findaslot/resource/Foam_Fotografiemuseum_Amsterdam</Target>
      Some(&lt;Confidence&gt;0.0&lt;/Confidence&gt;)
      None
    </LinkCandidate>
    <LinkCandidate>
      <Source>http://data.krw.d2s.labs.vu.nl/group15/resource/activity_60fdece1-f3d3-43b7-86b3-6d53f9b73111</Source>
      <Target>http://data.krw.d2s.labs.vu.nl/group6/findaslot/resource/Bunker_Museum_IJmuiden</Target>
      Some(&lt;Confidence&gt;0.0&lt;/Confidence&gt;)
      None
    </LinkCandidate>
    <LinkCandidate>
      <Source>http://data.krw.d2s.labs.vu.nl/group15/resource/activity_1c3e48fd-4e7a-4dc7-bd4f-de5da51893f4</Source>
      <Target>http://data.krw.d2s.labs.vu.nl/group6/findaslot/resource/Van_Zoetendaal_Photography</Target>
      Some(&lt;Confidence&gt;0.0&lt;/Confidence&gt;)
      None
    </LinkCandidate>
    <LinkCandidate>
      <Source>http://dbpedia.org/resource/Gemeentemuseum_Den_Haag</Source>
      <Target>http://data.krw.d2s.labs.vu.nl/group6/findaslot/resource/Gemeentemuseum_Den_Haag</Target>
      Some(&lt;Confidence&gt;0.0&lt;/Confidence&gt;)
      None
    </LinkCandidate>
    <LinkCandidate>
      <Source>http://data.krw.d2s.labs.vu.nl/group15/resource/activity_22c552a0-d5fe-4083-87e7-7cf69be4b935</Source>
      <Target>http://data.krw.d2s.labs.vu.nl/group6/findaslot/resource/Molenmuseum</Target>
      Some(&lt;Confidence&gt;0.0&lt;/Confidence&gt;)
      None
    </LinkCandidate>
    <LinkCandidate>
      <Source>http://data.krw.d2s.labs.vu.nl/group15/resource/activity_22f1d636-3f20-49c4-93e3-44210721ab09</Source>
      <Target>http://data.krw.d2s.labs.vu.nl/group6/findaslot/resource/Galerie_Paul_Andriesse</Target>
      Some(&lt;Confidence&gt;0.0&lt;/Confidence&gt;)
      None
    </LinkCandidate>
    <LinkCandidate>
      <Source>http://dbpedia.org/resource/Rijksmuseum</Source>
      <Target>http://data.krw.d2s.labs.vu.nl/group6/findaslot/resource/Rijksmuseum</Target>
      Some(&lt;Confidence&gt;0.0&lt;/Confidence&gt;)
      None
    </LinkCandidate>
    <LinkCandidate>
      <Source>http://data.krw.d2s.labs.vu.nl/group15/resource/activity_9579b782-bb71-4027-b1e7-5d15e6035c77</Source>
      <Target>http://data.krw.d2s.labs.vu.nl/group6/findaslot/resource/De_Nieuwe_Kerk_Amsterdam</Target>
      Some(&lt;Confidence&gt;0.0&lt;/Confidence&gt;)
      None
    </LinkCandidate>
    <LinkCandidate>
      <Source>http://data.krw.d2s.labs.vu.nl/group15/resource/activity_ace90f33-5b52-450d-87ba-274dc3cae4be</Source>
      <Target>http://data.krw.d2s.labs.vu.nl/group6/findaslot/resource/P//////AKT_Project_Space</Target>
      Some(&lt;Confidence&gt;0.0&lt;/Confidence&gt;)
      None
    </LinkCandidate>
    <LinkCandidate>
      <Source>http://data.krw.d2s.labs.vu.nl/group15/resource/activity_81299fb9-db2a-44ab-b5fa-eb9148c06308</Source>
      <Target>http://data.krw.d2s.labs.vu.nl/group6/findaslot/resource/Bataviawerf_Lelystad</Target>
      Some(&lt;Confidence&gt;0.0&lt;/Confidence&gt;)
      None
    </LinkCandidate>
    <LinkCandidate>
      <Source>http://data.krw.d2s.labs.vu.nl/group15/resource/activity_71aa0732-99a1-4c27-abaa-62d81a43a8b1</Source>
      <Target>http://data.krw.d2s.labs.vu.nl/group6/findaslot/resource/Het_Scheepvaartmuseum_Amsterdam</Target>
      Some(&lt;Confidence&gt;0.0&lt;/Confidence&gt;)
      None
    </LinkCandidate>
    <LinkCandidate>
      <Source>http://data.krw.d2s.labs.vu.nl/group15/resource/activity_42f20cd4-9932-45ba-ab6b-0a6bda539f22</Source>
      <Target>http://data.krw.d2s.labs.vu.nl/group6/findaslot/resource/Verzetsmuseum_Junior</Target>
      Some(&lt;Confidence&gt;0.0&lt;/Confidence&gt;)
      None
    </LinkCandidate>
    <LinkCandidate>
      <Source>http://data.krw.d2s.labs.vu.nl/group15/resource/activity_b92dc3c4-c4ff-461a-b53d-da18e468b153</Source>
      <Target>http://data.krw.d2s.labs.vu.nl/group6/findaslot/resource/Galerie_Mokum</Target>
      Some(&lt;Confidence&gt;0.0&lt;/Confidence&gt;)
      None
    </LinkCandidate>
    <LinkCandidate>
      <Source>http://data.krw.d2s.labs.vu.nl/group15/resource/activity_99683cdc-93bf-4f26-8189-ceb1e9b24dd3</Source>
      <Target>http://data.krw.d2s.labs.vu.nl/group6/findaslot/resource/Verzetsmuseum_Junior</Target>
      Some(&lt;Confidence&gt;0.0&lt;/Confidence&gt;)
      None
    </LinkCandidate>
    <LinkCandidate>
      <Source>http://data.krw.d2s.labs.vu.nl/group15/resource/activity_b7359e1f-3ee9-44b9-a9f1-4c9571a8755c</Source>
      <Target>http://data.krw.d2s.labs.vu.nl/group6/findaslot/resource/Morren_Galleries</Target>
      Some(&lt;Confidence&gt;0.0&lt;/Confidence&gt;)
      None
    </LinkCandidate>
    <LinkCandidate>
      <Source>http://data.krw.d2s.labs.vu.nl/group15/resource/activity_a01d8d50-e20c-4b56-a7d4-e88248b3640a</Source>
      <Target>http://data.krw.d2s.labs.vu.nl/group6/findaslot/resource/De_Appel_arts_centre</Target>
      Some(&lt;Confidence&gt;0.0&lt;/Confidence&gt;)
      None
    </LinkCandidate>
  </PositiveLinks>
  <NegativeLinks> </NegativeLinks>
  <UnlabeledLinks> </UnlabeledLinks>
</Entities>
