<Interlink id="link-events-group13">
        <SourceDataset dataSource="group13" var="a" typeUri="">
        <RestrictTo>
          
        </RestrictTo>
      </SourceDataset>
        <TargetDataset dataSource="find-a-slot" var="b" typeUri="">
        <RestrictTo>
          
        </RestrictTo>
      </TargetDataset>
        <LinkageRule linkType="&lt;http://www.w3.org/2002/07/owl#sameAs&gt;">
        
        <Filter/>
      </LinkageRule>
        <Outputs>
          <Output id="output"></Output>
        </Outputs>
      </Interlink>