<Interlink id="link-events-group13">
        <SourceDataset dataSource="group13" var="a" typeUri="http://data.krw.d2s.labs.vu.nl/group13/vocab/Event">
        <RestrictTo>
          
        </RestrictTo>
      </SourceDataset>
        <TargetDataset dataSource="find-a-slot" var="b" typeUri="http://data.krw.d2s.labs.vu.nl/group6/findaslot/vocab/Event">
        <RestrictTo>
          
        </RestrictTo>
      </TargetDataset>
        <LinkageRule linkType="&lt;http://www.w3.org/2002/07/owl#sameAs&gt;">
        <Aggregate id="average1" required="false" weight="1" type="average">
            <Compare id="levenshteinDistance1" required="false" weight="1" metric="levenshteinDistance" threshold="0.0" indexing="true">
            <TransformInput id="lowerCase1" function="lowerCase">
            <Input id="sourcePath1" path="/&lt;http://www.w3.org/2000/01/rdf-schema#label&gt;"/>
            
          </TransformInput><TransformInput id="lowerCase2" function="lowerCase">
            <Input id="targetPath1" path="/&lt;http://www.w3.org/2000/01/rdf-schema#label&gt;"/>
            
          </TransformInput><Param name="minChar" value="0"/><Param name="maxChar" value="z"/>
          </Compare>
          </Aggregate>
        <Filter/>
      </LinkageRule>
        <Outputs>
          <Output id="output"></Output>
        </Outputs>
      </Interlink>