<Pair>
  <Source>
    <EntityDescription>
      <Type></Type>
      <Restriction></Restriction>
      <Paths>
        <Path>/&lt;http://www.w3.org/1999/02/22-rdf-syntax-ns#type&gt;/&lt;http://www.w3.org/2000/01/rdf-schema#label&gt;</Path>
        <Path>/&lt;http://www.w3.org/2000/01/rdf-schema#label&gt;</Path>
      </Paths>
    </EntityDescription>
  </Source>
  <Target>
    <EntityDescription>
      <Type></Type>
      <Restriction></Restriction>
      <Paths>
        <Path>/&lt;http://www.w3.org/1999/02/22-rdf-syntax-ns#type&gt;/&lt;http://www.w3.org/2000/01/rdf-schema#label&gt;</Path>
        <Path>/&lt;http://www.w3.org/2000/01/rdf-schema#label&gt;</Path>
      </Paths>
    </EntityDescription>
  </Target>
</Pair>
