<Pair>
  <Source>
    <EntityDescription>
      <Type>http://www.w3.org/2002/07/owl#Class</Type>
      <Restriction>?a &lt;http://www.w3.org/1999/02/22-rdf-syntax-ns#type&gt; :Event .</Restriction>
      <Paths>
        <Path>/&lt;http://www.w3.org/1999/02/22-rdf-syntax-ns#type&gt;</Path>
        <Path>\&lt;http://www.w3.org/1999/02/22-rdf-syntax-ns#type&gt;</Path>
        <Path>/&lt;http://www.w3.org/2000/01/rdf-schema#subClassOf&gt;</Path>
        <Path>/&lt;http://www.w3.org/2000/01/rdf-schema#label&gt;</Path>
        <Path>/&lt;http://www.w3.org/2002/07/owl#equivalentClass&gt;</Path>
        <Path>/&lt;http://www.w3.org/2002/07/owl#intersectionOf&gt;</Path>
        <Path>\&lt;http://www.w3.org/2000/01/rdf-schema#domain&gt;</Path>
        <Path>\&lt;http://www.w3.org/1999/02/22-rdf-syntax-ns#first&gt;</Path>
        <Path>\&lt;http://www.w3.org/2000/01/rdf-schema#subClassOf&gt;</Path>
        <Path>\&lt;http://www.w3.org/2002/07/owl#equivalentClass&gt;</Path>
        <Path>\&lt;http://www.w3.org/2000/01/rdf-schema#range&gt;</Path>
        <Path>\&lt;http://rdfs.org/ns/void#exampleResource&gt;</Path>
        <Path>\&lt;http://purl.org/dc/terms/subject&gt;</Path>
      </Paths>
    </EntityDescription>
  </Source>
  <Target>
    <EntityDescription>
      <Type>http://www.w3.org/2002/07/owl#Class</Type>
      <Restriction>?a &lt;http://www.w3.org/1999/02/22-rdf-syntax-ns#type&gt; :Event .</Restriction>
      <Paths> </Paths>
    </EntityDescription>
  </Target>
</Pair>
