<Types>
  <Type frequency="1.0">http://www.w3.org/2002/07/owl#Thing</Type>
  <Type frequency="0.35823429541595925">http://data.krw.d2s.labs.vu.nl/group10/cultural_ontology/Description</Type>
  <Type frequency="0.22354272778720996">http://data.krw.d2s.labs.vu.nl/group10/cultural_ontology/TimePeriod</Type>
  <Type frequency="0.1352574985851726">http://data.krw.d2s.labs.vu.nl/group10/cultural_ontology/Event</Type>
  <Type frequency="0.1346915676287493">http://data.krw.d2s.labs.vu.nl/group10/cultural_ontology/ShortDescription</Type>
  <Type frequency="0.1346915676287493">http://data.krw.d2s.labs.vu.nl/group10/cultural_ontology/Image</Type>
  <Type frequency="0.08885116015846067">http://data.krw.d2s.labs.vu.nl/group10/cultural_ontology/LongDescription</Type>
  <Type frequency="0.06734578381437464">http://data.krw.d2s.labs.vu.nl/group10/cultural_ontology/Address</Type>
  <Type frequency="0.06734578381437464">http://data.krw.d2s.labs.vu.nl/group10/cultural_ontology/Venue</Type>
  <Type frequency="0.06281833616298811">http://data.krw.d2s.labs.vu.nl/group10/cultural_ontology/BeginDate</Type>
  <Type frequency="0.02659875495189587">http://data.krw.d2s.labs.vu.nl/group10/cultural_ontology/EndDate</Type>
  <Type frequency="0.013582342954159592">http://dbpedia.org/ontology/City</Type>
</Types>
