<Types>
  <Type frequency="1.0">http://www.w3.org/2002/07/owl#Restriction</Type>
  <Type frequency="0.5384615384615384">http://www.w3.org/2002/07/owl#ObjectProperty</Type>
  <Type frequency="0.5">http://www.w3.org/2002/07/owl#Class</Type>
  <Type frequency="0.34615384615384615">http://www.w3.org/2002/07/owl#DatatypeProperty</Type>
  <Type frequency="0.3076923076923077">http://www.w3.org/1999/02/22-rdf-syntax-ns#List</Type>
  <Type frequency="0.038461538461538464">http://www.w3.org/2002/07/owl#Ontology</Type>
  <Type frequency="0.038461538461538464">http://www.w3.org/2002/07/owl#NamedIndividual</Type>
</Types>
