<Types>
  <Type frequency="1.0">http://data.krw.d2s.labs.vu.nl/group6/findaslot/vocab/Location</Type>
  <Type frequency="0.7792397660818714">http://data.krw.d2s.labs.vu.nl/group6/findaslot/vocab/ParkingSlot</Type>
  <Type frequency="0.6973684210526315">http://data.krw.d2s.labs.vu.nl/group6/findaslot/vocab/Event</Type>
  <Type frequency="0.23391812865497075">http://data.krw.d2s.labs.vu.nl/group6/findaslot/vocab/Venue</Type>
  <Type frequency="0.097953216374269">http://rdfs.org/ns/void#Dataset</Type>
  <Type frequency="0.05263157894736842">http://www.w3.org/1999/02/22-rdf-syntax-ns#List</Type>
  <Type frequency="0.039473684210526314">http://www.w3.org/2002/07/owl#Class</Type>
  <Type frequency="0.03508771929824561">http://www.w3.org/2002/07/owl#Restriction</Type>
  <Type frequency="0.019005847953216373">http://www.w3.org/2002/07/owl#DatatypeProperty</Type>
  <Type frequency="0.01608187134502924">http://www.w3.org/2002/07/owl#ObjectProperty</Type>
  <Type frequency="0.01023391812865497">http://data.krw.d2s.labs.vu.nl/group6/findaslot/vocab/Borough</Type>
  <Type frequency="0.008771929824561403">http://www.w3.org/2002/07/owl#NamedIndividual</Type>
  <Type frequency="0.008771929824561403">http://www.w3.org/2002/07/owl#AnnotationProperty</Type>
  <Type frequency="0.005847953216374269">http://www.w3.org/2000/01/rdf-schema#Datatype</Type>
  <Type frequency="0.0014619883040935672">http://www.w3.org/2002/07/owl#Ontology</Type>
  <Type frequency="0.0014619883040935672">http://data.krw.d2s.labs.vu.nl/group6/findaslot/vocab/Exhibition</Type>
  <Type frequency="0.0014619883040935672">http://data.krw.d2s.labs.vu.nl/group6/findaslot/vocab/Theatre</Type>
  <Type frequency="0.0014619883040935672">http://rdfs.org/ns/void#Linkset</Type>
</Types>
