<Types>
  <Type frequency="1.0">http://www.w3.org/2002/07/owl#Thing</Type>
  <Type frequency="0.3633938100320171">http://dbpedia.org/ontology/Location</Type>
  <Type frequency="0.3633938100320171">http://data.krw.d2s.labs.vu.nl/group6/findaslot/vocab/Location</Type>
  <Type frequency="0.3633938100320171">http://dbpedia.org/ontology/Place</Type>
  <Type frequency="0.28441835645677693">http://data.krw.d2s.labs.vu.nl/group6/findaslot/vocab/ParkingSlot</Type>
  <Type frequency="0.25560298826040556">http://data.krw.d2s.labs.vu.nl/group6/findaslot/vocab/Event</Type>
  <Type frequency="0.1718249733191035">http://data.krw.d2s.labs.vu.nl/group6/findaslot/vocab/Play</Type>
  <Type frequency="0.08591248665955176">http://data.krw.d2s.labs.vu.nl/group6/findaslot/vocab/Venue</Type>
  <Type frequency="0.04535752401280683">http://data.krw.d2s.labs.vu.nl/group6/findaslot/vocab/Exhibition</Type>
  <Type frequency="0.044823906083244394">http://data.krw.d2s.labs.vu.nl/group6/findaslot/vocab/Museum</Type>
  <Type frequency="0.0416221985058698">http://data.krw.d2s.labs.vu.nl/group6/findaslot/vocab/Theatre</Type>
  <Type frequency="0.03575240128068303">http://rdfs.org/ns/void#Dataset</Type>
  <Type frequency="0.010672358591248666">http://dbpedia.org/ontology/City</Type>
  <Type frequency="0.003735325506937033">http://data.krw.d2s.labs.vu.nl/group6/findaslot/vocab/Borough</Type>
  <Type frequency="5.336179295624333E-4">http://rdfs.org/ns/void#Linkset</Type>
  <Type frequency="5.336179295624333E-4">http://dbpedia.org/ontology/Country</Type>
</Types>
