<Types>
  <Type frequency="1.0">http://data.krw.d2s.labs.vu.nl/group15/vocab/FoodDrinksVenue</Type>
  <Type frequency="0.8275862068965517">http://www.w3.org/2002/07/owl#DatatypeProperty</Type>
  <Type frequency="0.44670846394984326">http://data.krw.d2s.labs.vu.nl/group15/vocab/Nightclub</Type>
  <Type frequency="0.2304075235109718">http://data.krw.d2s.labs.vu.nl/group15/vocab/MuseumGallery</Type>
  <Type frequency="0.14106583072100312">http://www.w3.org/2002/07/owl#Class</Type>
  <Type frequency="0.13479623824451412">http://data.krw.d2s.labs.vu.nl/group15/vocab/Exposition</Type>
  <Type frequency="0.11128526645768025">http://www.w3.org/2002/07/owl#ObjectProperty</Type>
  <Type frequency="0.07523510971786834">http://www.w3.org/1999/02/22-rdf-syntax-ns#List</Type>
  <Type frequency="0.047021943573667714">http://www.w3.org/2002/07/owl#NamedIndividual</Type>
  <Type frequency="0.017241379310344827">http://www.w3.org/2002/07/owl#AnnotationProperty</Type>
  <Type frequency="0.009404388714733543">http://data.krw.d2s.labs.vu.nl/group15/resource/Broodjeszaak</Type>
  <Type frequency="0.009404388714733543">http://www.w3.org/2000/01/rdf-schema#Datatype</Type>
  <Type frequency="0.006269592476489028">http://rdfs.org/ns/void#Dataset</Type>
  <Type frequency="0.004702194357366771">http://xmlns.com/foaf/0.1/Person</Type>
  <Type frequency="0.003134796238244514">http://data.krw.d2s.labs.vu.nl/group15/resource/Casino</Type>
  <Type frequency="0.001567398119122257">http://www.w3.org/2002/07/owl#Ontology</Type>
  <Type frequency="0.001567398119122257">http://www.w3.org/2002/07/owl#Thing</Type>
  <Type frequency="0.001567398119122257">http://xmlns.com/foaf/0.1/Group</Type>
  <Type frequency="0.001567398119122257">http://xmlns.com/foaf/0.1/Organization</Type>
  <Type frequency="0.001567398119122257">http://www.w3.org/2002/07/owl#TransitiveProperty</Type>
</Types>
