<Types>
  <Type frequency="1.0">http://www.w3.org/2002/07/owl#Thing</Type>
  <Type frequency="0.18407960199004975">http://data.krw.d2s.labs.vu.nl/group13/vocab/Event</Type>
  <Type frequency="0.13875069098949697">http://data.krw.d2s.labs.vu.nl/group13/vocab/Address</Type>
  <Type frequency="0.13598673300165837">http://data.krw.d2s.labs.vu.nl/group13/vocab/MapPoint</Type>
  <Type frequency="0.08015478164731896">http://data.krw.d2s.labs.vu.nl/group13/vocab/Location</Type>
  <Type frequency="0.04754007739082366">http://data.krw.d2s.labs.vu.nl/group13/vocab/Area</Type>
  <Type frequency="0.027639579878385848">http://data.krw.d2s.labs.vu.nl/group13/vocab/BicycleParking</Type>
  <Type frequency="0.011608623548922056">http://data.krw.d2s.labs.vu.nl/group13/vocab/City</Type>
  <Type frequency="0.004422332780541736">http://rdfs.org/ns/void#Dataset</Type>
  <Type frequency="5.52791597567717E-4">http://rdfs.org/ns/void#Linkset</Type>
</Types>
