<Types>
  <Type frequency="1.0">http://data.krw.d2s.labs.vu.nl/group13/vocab/Event</Type>
  <Type frequency="0.8367346938775511">http://data.krw.d2s.labs.vu.nl/group13/vocab/MapPoint</Type>
  <Type frequency="0.6496598639455783">http://data.krw.d2s.labs.vu.nl/group13/vocab/Address</Type>
  <Type frequency="0.4931972789115646">http://data.krw.d2s.labs.vu.nl/group13/vocab/Location</Type>
  <Type frequency="0.2925170068027211">http://data.krw.d2s.labs.vu.nl/group13/vocab/Area</Type>
  <Type frequency="0.17006802721088435">http://data.krw.d2s.labs.vu.nl/group13/vocab/BicycleParking</Type>
  <Type frequency="0.07142857142857142">http://data.krw.d2s.labs.vu.nl/group13/vocab/City</Type>
  <Type frequency="0.07142857142857142">http://www.w3.org/2002/07/owl#Class</Type>
  <Type frequency="0.04421768707482993">http://www.w3.org/2002/07/owl#DatatypeProperty</Type>
  <Type frequency="0.027210884353741496">http://www.w3.org/2000/01/rdf-schema#Datatype</Type>
  <Type frequency="0.027210884353741496">http://rdfs.org/ns/void#Dataset</Type>
  <Type frequency="0.023809523809523808">http://www.w3.org/2002/07/owl#Restriction</Type>
  <Type frequency="0.02040816326530612">http://www.w3.org/2002/07/owl#ObjectProperty</Type>
  <Type frequency="0.006802721088435374">http://www.w3.org/2002/07/owl#AllDisjointClasses</Type>
  <Type frequency="0.006802721088435374">http://www.w3.org/2002/07/owl#NamedIndividual</Type>
  <Type frequency="0.003401360544217687">http://www.w3.org/2002/07/owl#Ontology</Type>
  <Type frequency="0.003401360544217687">http://www.w3.org/2002/07/owl#FunctionalProperty</Type>
  <Type frequency="0.003401360544217687">http://rdfs.org/ns/void#Linkset</Type>
</Types>
