<Types>
  <Type frequency="1.0">http://www.w3.org/2002/07/owl#Thing</Type>
  <Type frequency="0.8690082644628099">http://www.w3.org/2003/01/geo/wgs84_pos#SpatialThing</Type>
  <Type frequency="0.4743801652892562">http://dbpedia.org/resource/Activity</Type>
  <Type frequency="0.4743801652892562">http://schema.org/Place</Type>
  <Type frequency="0.4743801652892562">http://data.krw.d2s.labs.vu.nl/group15/vocab/Activity</Type>
  <Type frequency="0.4388429752066116">http://data.krw.d2s.labs.vu.nl/group15/vocab/Venue</Type>
  <Type frequency="0.4388429752066116">http://dbpedia.org/resource/Venue</Type>
  <Type frequency="0.39462809917355374">http://data.krw.d2s.labs.vu.nl/group15/vocab/Location</Type>
  <Type frequency="0.26611570247933886">http://data.krw.d2s.labs.vu.nl/group15/vocab/FoodDrinksVenue</Type>
  <Type frequency="0.11859504132231405">http://data.krw.d2s.labs.vu.nl/group15/vocab/Nightclub</Type>
  <Type frequency="0.06074380165289256">http://schema.org/Museum</Type>
  <Type frequency="0.06074380165289256">http://data.krw.d2s.labs.vu.nl/group15/vocab/MuseumGallery</Type>
  <Type frequency="0.06074380165289256">http://schema.org/CivicStructure</Type>
  <Type frequency="0.03553719008264463">http://data.krw.d2s.labs.vu.nl/group15/vocab/Exposition</Type>
  <Type frequency="0.03553719008264463">http://schema.org/ExhibitionEvent</Type>
  <Type frequency="0.03553719008264463">http://purl.org/NET/c4dm/event.owl#Event</Type>
  <Type frequency="0.03553719008264463">http://schema.org/Event</Type>
  <Type frequency="0.03553719008264463">http://data.krw.d2s.labs.vu.nl/group15/vocab/Event</Type>
  <Type frequency="0.0024793388429752068">http://data.krw.d2s.labs.vu.nl/group15/resource/Broodjeszaak</Type>
  <Type frequency="0.001652892561983471">http://rdfs.org/ns/void#Dataset</Type>
  <Type frequency="0.0012396694214876034">http://xmlns.com/foaf/0.1/Person</Type>
  <Type frequency="8.264462809917355E-4">http://data.krw.d2s.labs.vu.nl/group15/resource/Casino</Type>
  <Type frequency="4.1322314049586776E-4">http://xmlns.com/foaf/0.1/Group</Type>
  <Type frequency="4.1322314049586776E-4">http://xmlns.com/foaf/0.1/Organization</Type>
</Types>
