<Pair>
  <Source>
    <EntityDescription>
      <Type>http://data.krw.d2s.labs.vu.nl/group10/cultural_ontology/Event</Type>
      <Restriction></Restriction>
      <Paths>
        <Path>/&lt;http://www.w3.org/1999/02/22-rdf-syntax-ns#type&gt;</Path>
        <Path>\&lt;http://dbpedia.org/property/hostsEvent&gt;</Path>
        <Path>/&lt;http://data.krw.d2s.labs.vu.nl/group10/cultural_ontology/hasID&gt;</Path>
        <Path>/&lt;http://purl.org/dc/elements/1.1/title&gt;</Path>
        <Path>/&lt;http://data.krw.d2s.labs.vu.nl/group10/cultural_ontology/hasDescription&gt;</Path>
        <Path>/&lt;http://data.krw.d2s.labs.vu.nl/group10/cultural_ontology/hasImage&gt;</Path>
        <Path>/&lt;http://data.krw.d2s.labs.vu.nl/group10/cultural_ontology/hasTimePeriod&gt;</Path>
        <Path>/&lt;http://dbpedia.org/property/heldIn&gt;</Path>
      </Paths>
    </EntityDescription>
  </Source>
  <Target>
    <EntityDescription>
      <Type>http://data.krw.d2s.labs.vu.nl/group6/findaslot/vocab/Event</Type>
      <Restriction></Restriction>
      <Paths>
        <Path>/&lt;http://data.krw.d2s.labs.vu.nl/group6/findaslot/vocab/calendar_summary&gt;</Path>
        <Path>\&lt;http://data.krw.d2s.labs.vu.nl/group6/findaslot/vocab/hasEvents&gt;</Path>
        <Path>/&lt;http://data.krw.d2s.labs.vu.nl/group6/findaslot/vocab/single_date&gt;</Path>
        <Path>/&lt;http://www.w3.org/1999/02/22-rdf-syntax-ns#type&gt;</Path>
        <Path>/&lt;http://data.krw.d2s.labs.vu.nl/group6/findaslot/vocab/short_description&gt;</Path>
        <Path>/&lt;http://data.krw.d2s.labs.vu.nl/group6/findaslot/vocab/long_description&gt;</Path>
        <Path>\&lt;http://data.krw.d2s.labs.vu.nl/group6/findaslot/vocab/hasVenue&gt;</Path>
        <Path>/&lt;http://data.krw.d2s.labs.vu.nl/group6/findaslot/vocab/url&gt;</Path>
        <Path>\&lt;http://data.krw.d2s.labs.vu.nl/group6/findaslot/vocab/exhibitionVenue&gt;</Path>
        <Path>/&lt;http://data.krw.d2s.labs.vu.nl/group6/findaslot/vocab/main_media&gt;</Path>
        <Path>/&lt;http://data.krw.d2s.labs.vu.nl/group6/findaslot/vocab/media&gt;</Path>
        <Path>/&lt;http://www.w3.org/2000/01/rdf-schema#label&gt;</Path>
        <Path>/&lt;http://data.krw.d2s.labs.vu.nl/group6/findaslot/vocab/hasVenue&gt;</Path>
        <Path>/&lt;http://data.krw.d2s.labs.vu.nl/group6/findaslot/vocab/playVenue&gt;</Path>
        <Path>/&lt;http://data.krw.d2s.labs.vu.nl/group6/findaslot/vocab/start_date&gt;</Path>
        <Path>/&lt;http://data.krw.d2s.labs.vu.nl/group6/findaslot/vocab/hasEvents&gt;</Path>
        <Path>/&lt;http://data.krw.d2s.labs.vu.nl/group6/findaslot/vocab/exhibitionVenue&gt;</Path>
        <Path>/&lt;http://dbpedia.org/ontology/location&gt;</Path>
        <Path>/&lt;http://data.krw.d2s.labs.vu.nl/group6/findaslot/vocab/venueLocation&gt;</Path>
        <Path>\&lt;http://data.krw.d2s.labs.vu.nl/group6/findaslot/vocab/playVenue&gt;</Path>
        <Path>/&lt;http://data.krw.d2s.labs.vu.nl/group6/findaslot/vocab/end_date&gt;</Path>
      </Paths>
    </EntityDescription>
  </Target>
</Pair>
